구분,시도,시군구,시장명(청년몰),상호명,업종,소재지
1,경기,평택시,통복시장,막치삼,음식업,경기도 평택시 통복동 95-30
2,경기,평택시,통복시장,프라온,음식업,경기도 평택시 통복동 95-30
3,경기,평택시,통복시장,지인공간,공방,경기도 평택시 통복동 95-85
4,경기,평택시,통복시장,마크라메스튜디오,공방,경기도 평택시 통복동 95-35
5,경기,평택시,통복시장,떡퍼맨&걸,음식업,경기도 평택시 통복동 95-49
6,경기,평택시,통복시장,불독스테이크,음식업,경기도 평택시 통복동 95-31
7,경기,평택시,통복시장,예원닭강정,음식업,경기도 평택시 통복동 95-35
8,경기,평택시,통복시장,통복이네 떡갈비,음식업,경기도 평택시 통복동 95-33
9,경기,평택시,통복시장,나우텔레콤,도소매업,경기도 평택시 통복동 95-87
10,경기,평택시,통복시장,오츠카레,음식업,경기도 평택시 통복동 95-104
11,경기,평택시,통복시장,히가시라멘(동식당),음식업,경기도 평택시 통복동 95-104
12,경기,평택시,통복시장,SWEET 1981,음식업,경기도 평택시 통복동 95-31
13,충남,천안시,천안명동대흥로상점가,짙은플러스,도소매업,충청남도 천안시 동남구 은행길 5-4 흥흥발전소 지하 1층 아이어클락
14,충남,천안시,천안명동대흥로상점가,위치앤매직샵,서비스업,충남 천안시 동남구 은행길 5-4 흥흥발전소 3층 백설화
15,충남,천안시,천안명동대흥로상점가,JUVE,음식업,충청남도 천안시 동남구 은행길 5-4 흥흥발전소 1층 쥬브
16,충남,천안시,천안명동대흥로상점가,브라운,공방,충남 천안시 동남구 은행길 5-4 흥흥발전소 3층 송글
17,충남,천안시,천안명동대흥로상점가,앙두,공방,충남 천안시 동남구 은행길 5-4 흥흥발전소 지하1층
18,충남,천안시,천안명동대흥로상점가,티카페앙,음식업,충남 천안시 동남구 은행길 5-4 흥흥발전소 1층 알로스타
19,충남,천안시,천안명동대흥로상점가,혁이샌드,음식업,충남 천안시 동남구 은행길 5-4 흥흥발전소 1층 이거버거
20,충남,천안시,천안명동대흥로상점가,꼬다리 꼬마김밥,음식업,충청남도 천안시 동남구 은행길 5-4 1층 디어샐러드
21,충남,천안시,천안명동대흥로상점가,도깨비매,도소매업,충청남도 천안시 동남구 은행길 5-4 2층
22,충남,천안시,천안명동대흥로상점가,달빛공작소,공방,충남 천안시 동남구 은행길 5-4 흥흥발전소 3층 달빛공작소
23,충남,천안시,천안명동대흥로상점가,오늘안녕,도소매업,충청남도 천안시 동남구 은행길 5-4
24,경남,진주시,진주중앙지하도상가,오손도손,공방,경상남도 진주시 진주대로 1035 지하도상가 D동 14호
25,경남,진주시,진주중앙지하도상가,로앤유,도소매업,경상남도 진주시 진주대로 1035 지하도상가 D동 6호 
26,경남,진주시,진주중앙지하도상가,"여기,잇다",공방,경상남도 진주시 진주대로 1035 진주지하상가 D동 12호
27,경남,진주시,진주중앙지하도상가,프레임팝,도소매업,경상남도 진주시 진주대로 1035 진주지하상가 D동 10호
28,경남,진주시,진주중앙지하도상가,소소한상점,도소매업,경상남도 진주시 진주대로 1035  진주지하상가 D동 18호
29,경남,진주시,진주중앙지하도상가,도깨비풀,공방,경상남도 진주시 진주대로 1035 지하도상가 D동 8호
30,경남,진주시,진주중앙지하도상가,인트로,공방,경상남도 진주시 진주대로 1035 지하도상가 D동 9호
31,경남,진주시,진주중앙지하도상가,퍼세주얼리디자인스튜디오,공방,경상남도 진주시 진주대로 1035 지하도상가 D동 7호
32,경남,진주시,진주중앙지하도상가,두링,공방,경상남도 진주시 진주대로 1035 지하도상가 D동 11호
33,경남,진주시,진주중앙지하도상가,꽃으로물들다,공방,경상남도 진주시 진주대로 1035 지하상가 D동 20호 
34,경남,진주시,진주중앙지하도상가,크러쉬온네일,서비스업,경상남도 진주시 진주대로 1035 지하상가 D동 13호 
35,경남,진주시,진주중앙지하도상가,진주유등빵,음식업,경상남도 진주시 진주대로 1035 지하상가 D동 1호 
36,경남,진주시,진주중앙지하도상가,무드레시피,음식업,경상남도 진주시 진주대로 1035 지하상가 D동 4호 
37,경남,진주시,진주중앙지하도상가,미니마니모,음식업,경상남도 진주시 진주대로 1035 지하상가 D동 2호
38,경남,진주시,진주중앙지하도상가,두포어,공방,경상남도 진주시 진주대로 1035 지하상가 D동 19호
39,경남,진주시,진주중앙지하도상가,내가좋아하는,서비스업,경상남도 진주시 진주대로 1035 지하상가 D동 16호
40,경남,진주시,진주중앙지하도상가,진주해마루팜,도소매업,경상남도 진주시 진주대로 1035 지하상가 D동 15호
41,경남,진주시,진주중앙지하도상가,버프,도소매업,경상남도 진주시 진주대로 1035 지하상가 D동 17호
42,경남,진주시,진주중앙지하도상가,렌즈타운,도소매업,경상남도 진주시 진주대로 1035 지하상가 D동 3호 
43,경남,진주시,진주중앙지하도상가,착한차가,도소매업,경상남도 진주시 진주대로 1035 지하상가 D동 5호
44,대전,중구,중앙메가프라자,퀸 사주타로,서비스업,"대전광역시 동구 중앙로200번길 99, 3층 3호（원동）"
45,대전,중구,중앙메가프라자,나풀나풀,공방,"대전광역시 동구 중앙로200번길 99, 3층 4호（원동）"
46,대전,중구,중앙메가프라자,수제막걸리펍주로,음식업,"대전광역시 동구 중앙로200번길 99, 3층 7호（원동）"
47,대전,중구,중앙메가프라자,후니네수산,음식업,"대전광역시 동구 중앙로200번길 99, 3층 10호（원동）"
48,대전,중구,중앙메가프라자,누반커（nubanker）,음식업,"대전광역시 동구 중앙로200번길 99, 3층 10호（원동）"
49,대전,중구,중앙메가프라자,머스마빱（MUSMA BBAP）,음식업,"대전광역시 동구 중앙로200번길 99, 3층 12호（원동）"
50,대전,중구,중앙메가프라자,옐로우몽키즈,음식업,"대전광역시 동구 중앙로200번길 99, 3층 13호（원동"
51,대전,중구,중앙메가프라자,데블리시우스,음식업,"대전광역시 동구 중앙로200번길 99, 3층 5호（원동）"
52,대전,중구,중앙메가프라자,희딘쿡（Heedincook）,음식업,"대전광역시 동구 중앙로200번길 99, 3층 18호（원동）"
53,대전,중구,중앙메가프라자,청년구단협동조합,음식업,"대전광역시 동구 중앙로200번길 99, 3층 21호（원동）"
54,충북,제천시,제천중앙시장,찰보리빵집,음식업,"충북 제천시 풍양로 108, 1층 나동 150호"
55,충북,제천시,제천중앙시장,한방굼벵이´한굼´,도소매업,충북 제천시 풍양로 108 중앙시장상가 2층125호
56,서울,서대문구,이대앞스타트업상점가,위샐러듀,음식업,"서대문구 이화여대길 52-31, 1층"
57,서울,서대문구,이대앞스타트업상점가,셔틀즈,음식업,"서대문구 이화여대길 56-3, 1층"
58,서울,서대문구,이대앞스타트업상점가,호미반(前브이경양식),음식업,"서대문구 이화여대길 88-19, 2층"
59,서울,서대문구,이대앞스타트업상점가,꼬끼오분식(前맛잇스시),음식업,서대문구 이화여대길 72-5
60,서울,서대문구,이대앞스타트업상점가,여래여거,음식업,"서대문구 이화여대길 56-3, 1층"
61,서울,서대문구,이대앞스타트업상점가,체리블로썸,음식업,서대문구 이화여대길 52-11
62,서울,서대문구,이대앞스타트업상점가,리또리또,음식업,서대문구 이화여대길 52-33
63,서울,서대문구,이대앞스타트업상점가,PICQUET(前AKE),공방,"서대문구 이화여대길 88-12, 지하1층"
64,서울,서대문구,이대앞스타트업상점가,베이바이홍,서비스업,서대문구 이화여대길 88-19
65,서울,서대문구,이대앞스타트업상점가,켈리스카페,음식업,"서대문구 이화여대길 72-6, 지하"
66,서울,서대문구,이대앞스타트업상점가,의원상,음식업,"서대문구 대현동 34-41번지, 2층"
67,서울,서대문구,이대앞스타트업상점가,민화공방가인,공방,"서대문구 이화여대길 52-45,107호"
68,강원,원주시,원주중앙시장,담담정,음식업,"강원도 원주시 중앙시장길 6, 라동 2층 6, 8호"
69,강원,원주시,원주중앙시장,담연,공방,"강원도 원주시 중앙시장길 6, 라동 2층 14호（중앙동, 원주중앙시장）"
70,강원,원주시,원주중앙시장,문,음식업,"강원도 원주시 중앙시장길 6, 라동 2층 65, 78호"
71,강원,원주시,원주중앙시장,자매제과,음식업,"강원도 원주시 중앙시장길 6, 라동 2층 71, 76,77호"
72,강원,원주시,원주중앙시장,촘촘,공방,"강원도 원주시 중앙시장길 6, 라동 58, 39호（중앙동 원주중앙시장）"
73,강원,원주시,원주중앙시장,achair,서비스업,"강원도 원주시 중앙시장길 6, 라동 2층 56호"
74,강원,원주시,원주중앙시장,키우다（多肉）,공방,"강원도 원주시 중앙시장길 6, 라동 33호 34호"
75,강원,원주시,원주중앙시장,도그자기,공방,"강원도 원주시 중앙시장길 6, 라동 45호"
76,강원,원주시,원주중앙시장,클레이#,공방,"강원도 원주시 중앙시장길 6, 라동 43호 44호, 45호"
77,강원,원주시,원주중앙시장,모코롱,음식업,"강원도 원주시 중앙시장길 6, 라동 2층 70-1, 76, 77호"
78,강원,원주시,원주중앙시장,인어아가씨,음식업,"강원도 원주시 중앙시장길 6, 2층 67, 68, 69호"
79,강원,원주시,원주중앙시장,달리(DALLY),공방,"강원도 원주시 중앙시장길 6, 2층 47-2"
80,강원,원주시,원주중앙시장,술가락,음식업,"강원도 원주시 중앙시장길 6, 라동 2층 73-1호"
81,강원,원주시,원주중앙시장,미로주방,서비스업,"강원도 원주시 중앙시장길 6, 원주중앙시장 2층 라동 71, 73-1, 75-1호"
82,강원,원주시,원주중앙시장,꽃히다,공방,"강원도 원주시 중앙시장길 6, 라동 2층 54호"
83,강원,원주시,원주중앙시장,이노센트,공방,"강원도 원주시 중앙시장길 6, 라동 2층 67, 68"
84,강원,원주시,원주중앙시장,실버스톤,도소매업,"강원도 원주시 중앙시장길6, 2층라동 4호"
85,경기,수원시,영동시장,아뜰리에테라,공방,"경기도 수원시 팔달구 수원천로255번길 6, A동 2층 2201호"
86,경기,수원시,영동시장,엘쓰리엔터테이먼트,서비스업,"경기도 수원시 팔달구 수원천로255번길 6, A동 2층 2211호"
87,경기,수원시,영동시장,오씨솜씨,공방,"경기도 수원시 팔달구 수원천로255번길 6, A동 2층 2203호"
88,경기,수원시,영동시장,에이치에이치,공방,"경기도 수원시 팔달구 수원천로255번길 6, A동 2층 2204호"
89,경기,수원시,영동시장,하이라이크,공방,"경기도 수원시 팔달구 수원천로255번길 6, A동 2층 2207호"
90,경기,수원시,영동시장,박물관놀이터,서비스업,"경기도 수원시 팔달구 수원천로255번길 6, A동 2층 2208호"
91,경기,수원시,영동시장,하늘봄,공방,"경기도 수원시 팔달구 수원천로255번길 6, A동 2층 2205호"
92,경기,수원시,영동시장,위드코리아,서비스업,"경기도 수원시 팔달구 수원천로255번길 6, A동 2층 2206호"
93,경기,수원시,영동시장,우파몰,도소매업,"경기도 수원시 팔달구 수원천로255번길 6, A동 2층 2209호"
94,경기,수원시,영동시장,갤러리무드,도소매업,"경기도 수원시 팔달구 수원천로255번길 6, A동 2층 2210호"
95,경기,수원시,영동시장,우든스트,공방,"경기도 수원시 팔달구 수원천로255번길 6, A동 2층 2202호"
96,경기,수원시,영동시장,제이다락방(前다락방),공방,"경기도 수원시 팔달구 수원천로255번길 6, A동 2층 2212호"
97,경기,수원시,영동시장,수아브,공방,"경기도 수원시 팔달구 수원천로255번길 6, A동 2층 2213호"
98,경기,수원시,영동시장,몬스튜디오,도소매업,"경기도 수원시 팔달구 수원천로255번길 6, A동 2층 2214호"
99,경기,수원시,영동시장,자유의여신(월간공방),공방,"경기도 수원시 팔달구 수원천로255번길 6, A동 2층 2215호"
100,경기,수원시,영동시장,신디케이트,도소매업,"경기도 수원시 팔달구 수원천로255번길 6, A동 2층 2218호"
101,경기,수원시,영동시장,간식여왕,음식업,"경기도 수원시 팔달구 수원천로255번길 6, A동 2층 2219호"
102,경기,수원시,영동시장,다즐링케이크,음식업,"경기도 수원시 팔달구 수원천로255번길 6, A동 2층 2220호"
103,경기,수원시,영동시장,송탄식당,음식업,"경기도 수원시 팔달구 수원천로255번길 6, A동 2층 2221호"
104,경기,수원시,영동시장,크리미어,음식업,"경기도 수원시 팔달구 수원천로255번길 6, A동 2층 2223호"
105,경기,수원시,영동시장,쉬림프스테이크,음식업,"경기도 수원시 팔달구 수원천로255번길 6, A동 2층 2225호"
106,경기,수원시,영동시장,빠스텔브라질,음식업,"경기도 수원시 팔달구 수원천로255번길 6, A동 2층 2227호"
107,경기,수원시,영동시장,달동산,음식업,"경기도 수원시 팔달구 수원천로255번길 6, A동 2층 2228호"
108,경북,구미시,선산봉황시장,완전싼닭,음식업,"경북 구미시 선산읍 단계동길24,A동2층 29,30호"
109,경북,구미시,선산봉황시장,에일리공작소,공방,"경북 구미시 선산읍 단계동길24,A동2층 5,6호"
110,경북,구미시,선산봉황시장,마루늘보,음식업,"경북 구미시 선산읍 단계동길24,A동2층 58,59호"
111,경북,구미시,선산봉황시장,광복상회,도소매업,"경북 구미시 선산읍 단계동길24,A동2층 41호"
112,경북,구미시,선산봉황시장,라인을그리다,서비스업,"경북 구미시 선산읍 단계동길24,A동2층2호"
113,경북,구미시,선산봉황시장,루브네일,서비스업,"경북 구미시 선산읍 단계동길24,A동2층40호"
114,경북,구미시,선산봉황시장,하루공방,공방,"경북 구미시 선산읍 단계동길24,A동2층37호"
115,경북,구미시,선산봉황시장,하이주호,도소매업,"경북 구미시 선산읍 단계동길24,A동2층 4호"
116,경북,구미시,선산봉황시장,제연의류,도소매업,"경북 구미시 선산읍 단계동길24,A동2층3호"
117,경북,구미시,선산봉황시장,지예공방,공방,"경북 구미시 선산읍 단계동길24,A동2층1호"
118,경북,구미시,선산봉황시장,다온도예도자공작소,공방,"경북 구미시 선산읍 단계동길24,A동2층 38호"
119,경북,구미시,선산봉황시장,다온도예,공방,"경북 구미시 선산읍 단계동길 24, A동 2층 39호"
120,경북,구미시,선산봉황시장,목혼,공방,"경북 구미시 선산읍 단계동길 24, 선산시장 제에이동 제2층 34,35호"
121,경북,구미시,선산봉황시장,찬찬찬,음식업,"경북 구미시 선산읍 단계동길 24, A동 2층 62호"
122,경북,구미시,선산봉황시장,봄날헤어샵,서비스업,"경북 구미시 선산읍 단계동길 24, A동 2층 33호"
123,경북,구미시,선산봉황시장,자두분식,음식업,"경북 구미시 선산읍 단계동길 24, A동 2층 61호"
124,전북,전주시,서부시장상점가,누룽지 관련,음식업,"전주시 완산구 효동2길 14-12 207호"
125,전북,전주시,서부시장상점가,메밀꽃소바,음식업,"전주시 완산구 효동2길 14-12 108호"
126,전북,전주시,서부시장상점가,오늘더예뻐,서비스업,"전주시 완산구 효동2길 14-12 206호"
127,전북,전주시,서부시장상점가,세련된한컷,서비스업,"전주시 완산구 효동2길 14-12 201호"
128,전북,전주시,서부시장상점가,황태가맥,음식업,"전주시 완산구 효동2길 14-12 109호"
129,전북,전주시,서부시장상점가,보니또선물,도소매업,전주시 완산구 효동2길 14-12 204호
130,경북,경주시,북부상가시장,얄리,도소매업,"경주시 금성로 396번길 7, 북동 음4호"
131,경북,경주시,북부상가시장,푸드라이프,음식업,"경주시 금성로 396번길 7, 북동 음5,6호"
132,경북,경주시,북부상가시장,경주안내소,서비스업,"경주시 금성로 396번길 7, 북동 음7,8호"
133,경북,경주시,북부상가시장,개인컴퓨터가게(상호명 없음),서비스업,"경주시 금성로 396번길 7, 북동 음9호"
134,경북,경주시,북부상가시장,황재비빔밥,음식업,"경주시 금성로 396번길 7, 북동 생8,9호"
135,경북,경주시,북부상가시장,라멘츠바사,음식업,"경주시 금성로 396번길 7, 북동 생12호"
136,경북,경주시,북부상가시장,SH푸드,음식업,"경주시 금성로 396번길 7, 북동 자13,14호"
137,경북,경주시,북부상가시장,따뜻한끼,음식업,"경주시 금성로 396번길 7, 북동 자17호"
138,경북,경주시,북부상가시장,건담매니아,도소매업,"경주시 금성로 396번길 7, 북동 자18호"
139,경북,경주시,북부상가시장,한가닥하는언니,서비스업,"경주시 금성로 396번길 7, 북동 자19호"
140,경북,경주시,북부상가시장,모모제과,음식업,"경주시 금성로 396번길 7, 북동 자28호"
141,경북,경주시,북부상가시장,세이퍼컴퓨터,도소매업,"경주시 금성로 396번길 7, 북동 자33호"
142,전북,군산시,군산공설시장,청년미각,음식업,전라북도 군산시 신금길 18（신영동）
143,전북,군산시,군산공설시장,고메식당1370,음식업,전라북도 군산시 신금길 18（신영동）
144,전북,군산시,군산공설시장,멋찌개,음식업,전라북도 군산시 신금길 18（신영동）
145,전북,군산시,군산공설시장,군산공설시장 청년몰 협동조합,도소매업,전라북도 군산시 신금길 18（신영동）
146,전북,군산시,군산공설시장,윤보리카페(상호변경),음식업,전라북도 군산시 신금길 18（신영동）
147,전북,군산시,군산공설시장,보네뻬띠,음식업,전라북도 군산시 신금길 18（신영동）
148,전북,군산시,군산공설시장,마켓머물다,도소매업,전라북도 군산시 신금길 18（신영동）
149,전북,군산시,군산공설시장,소희보자기,공방,전라북도 군산시 신금길 18（신영동）
150,전북,군산시,군산공설시장,새벽공방,공방,전라북도 군산시 신금길 18（신영동）
151,전북,군산시,군산공설시장,더 퍼퓸,도소매업,전라북도 군산시 신금길 18（신영동）
152,충북,충주시,관아골상가,브런치챱챱,음식업,충주시 관아4길 15 101호
153,충북,충주시,관아골상가,곰네마리 행복연구소,공방,충주시 관아4길 15 102호
154,충북,충주시,관아골상가,아이폰 리페어하우스,서비스업,충주시 관아4길 15 103호
155,충북,충주시,관아골상가,The therapy 온당,서비스업,충주시 관아4길 15 104호
156,충북,충주시,관아골상가,랑온,도소매업,충주시 관아4길 15 105A호
157,충북,충주시,관아골상가,모델리즘(前엘리프라머),도소매업,충주시 관아4길 15 201호
158,충북,충주시,관아골상가,라피네,서비스업,충주시 관아4길 15 203호
159,충북,충주시,관아골상가,라피네,서비스업,충주시 관아4길 15 204호
160,충북,충주시,관아골상가,그림남매,공방,충주시 관아4길 15 205호
161,충북,충주시,관아골상가,토끼네일,서비스업,충주시 관아4길 15 301호
162,충북,충주시,관아골상가,A´SPOON 어스푼,서비스업,충주시 관아4길 15 302호
163,충북,충주시,관아골상가,어스푼,서비스업,충주시 관아4길 15 303호
164,충북,충주시,관아골상가,SuDa Ent.수다이엔티,서비스업,충주시 관아4길 15 401호
165,인천,강화군,강화중앙시장,청춘뽁이 is 탕수육,음식업,"인천광역시 강화군 강화읍 강화대로 430, 강화중앙시장 B동(2층 라-9호)"
166,인천,강화군,강화중앙시장,강화까까,음식업,"인천광역시 강화군 강화읍 강화대로 430, 강화중앙시장 B동 (2층 라-13호)"
167,충남,금산군,금산시장,꼼꼼뷰티,서비스업,"충청남도 금산군 금산읍 금산천길 106, 3동 49호"
168,충남,금산군,금산시장,두루미책방,도소매업,"충청남도 금산군 금산읍 금산천길 98, 2동 31호"
169,충남,금산군,금산시장,뚱이네 등뼈찜,음식업,"충청남도 금산군 금산읍 금산천길 106, 3동 32호"
170,충남,금산군,금산시장,갓도넛,음식업," 충청남도 금산군 금산읍 금산천길 106, 3동 36,37호 "
171,충남,금산군,금산시장,날마다 국찌개,음식업,"충청남도 금산군 금산읍 금산천길 106, 3동 47호"
172,충남,금산군,금산시장,꽃피는 봄날처럼,공방,"충청남도 금산군 금산읍 금산천길 106, 2동 9, 12호"
173,충남,금산군,금산시장,쭈어랑,도소매업,"충청남도 금산군 금산읍 금산천길 98, 2동 62호"
174,충남,금산군,금산시장,별금방,도소매업,"충청남도 금산군 금산읍 금산천길 98, 2동 90호"
175,충남,금산군,금산시장,인우,음식업," 충청남도 금산군 금산읍 금산천길 106, 3동 30, 31호 "
176,충남,금산군,금산시장,조사장커피,음식업,"충청남도 금산군 금산읍 금산천길 98, 2동 10호"
177,충남,금산군,금산시장,하옥335,음식업,"충청남도 금산군 금산읍 금산천길 106, 3동 5호"
178,충남,금산군,금산시장,수제파카롱,음식업," 충청남도 금산군 금산읍 금산천길 106, 5동 9호 "
179,경북,문경시,문경중앙시장,라이스앤미,음식업,"경상북도 문경시 중앙로 87, 2층 210호"
180,경북,문경시,문경중앙시장,오미자네건강마을,도소매업,"경상북도 문경시 중앙로 87, 2층 201호"
181,경북,문경시,문경중앙시장,기분좋은네일,서비스업,"경상북도 문경시 중앙로 87, 2층 208호"
182,경북,문경시,문경중앙시장,다온 뷰티&왁싱,서비스업,"경상북도 문경시 중앙로 87, 2층 213호"
183,경북,문경시,문경중앙시장,돈떡,음식업,"경상북도 문경시 중앙로 87, 1층 121호"
184,경북,문경시,문경중앙시장,블랙몬스터,음식업,"경상북도 문경시 중앙로 87, 1층 120호"
185,경북,문경시,문경중앙시장,문경서예문화원,서비스업,"경상북도 문경시 중앙로 87, 2층 211호"
186,대구,북구,산격종합시장,초밥한상,음식업,"대구시 북구 대동로1길 34, 산격종합시장 가동 122,123호"
187,대구,북구,산격종합시장,아소비,음식업,"대구시 북구 대동로1길 34, 산격종합시장 가동 104호"
188,대구,북구,산격종합시장,슈크레양과자점,-,"대구시 북구 대동로1길 34, 산격종합시장 가동 138호"
189,대구,북구,산격종합시장,코레와카레,음식업,"대구시 북구 대동로1길 34, 산격종합시장 가동 107,108호"
190,대구,북구,산격종합시장,동성로형님떡볶이,음식업,"대구시 북구 대동로1길 34, 산격종합시장 가동 135호"
191,대구,북구,산격종합시장,시장짬뽕,음식업,"대구시 북구 대동로1길 34, 산격종합시장 가동 124,125호"
192,대구,북구,산격종합시장, Better soup,음식업,"대구시 북구 대동로1길 34, 산격종합시장 가동 101호"
193,대구,북구,산격종합시장,에이치네일,서비스업,"대구시 북구 대동로1길 34, 산격종합시장 가동 102호"
194,대구,북구,산격종합시장,이지치이지(前와래이),음식업,"대구시 북구 대동로1길 34, 산격종합시장 가동 114,115호"
195,대구,북구,산격종합시장,공공칠족발,음식업,"대구시 북구 대동로1길 34, 산격종합시장 가동 105,106호"
196,부산,부산진구,서면시장,아리세,음식업,"부산광역시 부산진구 서면로 56, 2층 라12-1, 12-2호"
197,부산,부산진구,서면시장,루미당,음식업,"부산광역시 부산진구 서면로 56, 2층 라16, 20호"
198,부산,부산진구,서면시장,비읍,음식업,"부산광역시 부산진구 서면로 56, 2층 마 3-2호 중 일부"
199,부산,부산진구,서면시장,러브썸팩토리,공방,"부산광역시 부산진구 서면로 56, 2층 라13,14,22,23,24 중 일부"
200,부산,부산진구,서면시장,진지한쌈,음식업,"부산광역시 부산진구 서면로 56, 2층 라 6,7,10,11호"
201,부산,부산진구,서면시장,브로쓰마카롱,음식업,"부산광역시 부산진구 서면로 56, 2층 4,5,8,9 중 일부"
202,부산,부산진구,서면시장,복단,음식업,"부산광역시 부산진구 서면로 56, 2층 마3-1호"
203,부산,부산진구,서면시장,큰별,음식업,"부산광역시 부산진구 서면로 56, 2층 마6-1, 마6-3호 "
204,부산,부산진구,서면시장,서면시장통,음식업,"부산광역시 부산진구 서면로 56, 2층 마3-2호 중 일부"
205,부산,부산진구,서면시장,화요일,공방,"부산광역시 부산진구 서면로 56, 2층 마10호"
206,부산,부산진구,서면시장,누나네쭈꾸미,음식업,"부산광역시 부산진구 서면로 56, 2층 마-13호"
207,부산,부산진구,서면시장,릴리키친,음식업,"부산광역시 부산진구 서면로 56, 2층 마2 중 일부"
208,부산,부산진구,서면시장,앨리스핸디크래프트,공방,"부산광역시 부산진구 서면로 56, 2층 라8호"
209,부산,부산진구,서면시장,마시고시포토,서비스업,"부산광역시 부산진구 서면로 56, 2층 라15호 "
210,인천,중구,신포국제시장,마카롱데이즈,음식업,인천광역시 중구 우현로 35번길 일대(트레일러)
211,인천,중구,신포국제시장,프롬유,공방,인천광역시 중구 우현로 39번길 11 1층
212,인천,중구,신포국제시장,흑백사진관 청춘점 ,서비스업,인천광역시 중구 우현로 39번길 11 2층
213,인천,중구,신포국제시장,스튜디오 일구씨(前팟G),서비스업,인천광역시 중구 우현로 39번길 15 1층
214,전남,여수시,여수중앙시장,여수愛카페,음식업,"전남 여수시 중앙로 43, 2층 16호"
215,전남,여수시,여수중앙시장,스시백,음식업,"전남 여수시 중앙로 43, 2층 25호"
216,전남,여수시,여수중앙시장,미미(mimi),공방,"전남 여수시 중앙로 43, 2층 42호"
217,전남,여수시,여수중앙시장,꼬치는 맛,음식업,"전남 여수시 중앙로 43, 2층 20호"
218,전남,여수시,여수중앙시장,PS(피에스),음식업,"전남 여수시 중앙로 43, 2층 21호"
219,전남,여수시,여수중앙시장,바른생활,서비스업,"전남 여수시 중앙로 43, 2층 39호"
220,전남,여수시,여수중앙시장,청춘식당,음식업,"전남 여수시 중앙로 43, 2층 23호"
221,전남,여수시,여수중앙시장,낭만철가방,음식업,"전남 여수시 중앙로 43, 2층 19호"
222,전남,여수시,여수중앙시장,쑥's 초코파이,음식업,"전남 여수시 중앙로 43, 2층 31호"
223,전남,여수시,여수중앙시장,교동족발,음식업,"전남 여수시 중앙로 43, 2층 24호"
224,전남,여수시,여수중앙시장,데이모먼트,도소매업,"전남 여수시 중앙로 43, 2층 38호"
225,전남,여수시,여수중앙시장,문어쌀롱,음식업,"전남 여수시 중앙로 43, 2층 17호"
226,전남,여수시,여수중앙시장,Green Monster,음식업,"전남 여수시 중앙로 43, 2층 28호"
227,전남,여수시,여수중앙시장,오동국수,음식업,"전남 여수시 중앙로 43, 2층 18호"
228,전남,여수시,여수중앙시장,달다구리(前기다림),음식업,"전남 여수시 중앙로 43, 2층 34호"
229,전남,여수시,여수중앙시장,맛잇타코,음식업,"전남 여수시 중앙로 43, 2층 29호"
230,전남,여수시,여수중앙시장,뿅뿅오락실,서비스업,"전남 여수시 중앙로 43, 2층 26호"
231,강원,정선군,정선아리랑시장,뚠뚠김밥,음식업,강원도 정선군 정선읍 5일장길 41-6 101호
232,강원,정선군,정선아리랑시장,대지약초,도소매업,강원도 정선군 정선읍 5일장길 41-6 104호
233,강원,정선군,정선아리랑시장,트리앤팜(前사과랑밭이랑),음식업,강원도 정선군 정선읍 5일장길 41-6 108호
234,강원,정선군,정선아리랑시장,운기석&Life,도소매업,강원도 정선군 정선읍 5일장길 41-6 203호
235,강원,정선군,정선아리랑시장,아리랑브루어리,음식업,강원도 정선군 정선읍 5일장길 41-6 206호
236,강원,정선군,정선아리랑시장,꼼지락공방,공방,강원도 정선군 정선읍 5일장길 41-6 207호
237,강원,정선군,정선아리랑시장,아리향기,공방,강원도 정선군 정선읍 5일장길 41-6 301호
238,강원,정선군,정선아리랑시장,아리랑브루어리,음식업,강원도 정선군 정선읍 5일장길 41-6 302호
239,강원,정선군,정선아리랑시장,아리랑브루어리,음식업,강원도 정선군 정선읍 5일장길 41-6 304호
240,강원,정선군,정선아리랑시장,아리랑브루어리,음식업,강원도 정선군 정선읍 5일장길 41-6 305호
241,강원,춘천시,육림고개상점가,블란서 홍차,음식업,"춘천시 춘천로 151번길 21-2 1층, 101호"
242,강원,춘천시,육림고개상점가,육림농원,음식업,"춘천시 춘천로 151번길 21-2 1층, 102호"
243,강원,춘천시,육림고개상점가,Better than Jam,음식업,"춘천시 춘천로 151번길 21-2 1층, 104호"
244,강원,춘천시,육림고개상점가,Gustav cake,음식업,"춘천시 춘천로 151번길 21-2 1층, 105호"
245,강원,춘천시,육림고개상점가,춘천일기,공방,"춘천시 중앙로 77번길 41-1 , 1층"
246,강원,춘천시,육림고개상점가,Freude Atelier,공방,"춘천시 중앙로 77번길 41-2 , 1층"
247,강원,춘천시,육림고개상점가,훈목상회,음식업,"춘천시 중앙로 77번길 41-2 , 2층"
248,강원,춘천시,육림고개상점가,철든식탁,음식업,"춘천시 중앙로 77번길 41-1 , 2층"
249,강원,춘천시,육림고개상점가,Sua Mano,음식업,춘천시 중앙로 77번길 39-2 301호
250,강원,춘천시,육림고개상점가,아가사식당,음식업,춘천시 중앙로 77번길 39-2 302호
251,강원,춘천시,육림고개상점가,동감,음식업,춘천시 중앙로 77번길 39-2 303호
252,강원,춘천시,육림고개상점가,육림객잔,음식업,춘천시 중앙로 77번길 39-2 304호
253,강원,춘천시,육림고개상점가,나의 향수,공방,"춘천시 중앙로 77번길 43 , 401호"
254,강원,춘천시,육림고개상점가,Flo: tea,음식업,"춘천시 중앙로 77번길 43 , 402호"
255,강원,춘천시,육림고개상점가,달고나 잡화점,도소매업,"춘천시 중앙로 77번길 43, 403호"
256,강원,춘천시,육림고개상점가,El Iguana,음식업,"춘천시 춘천로 151번길 19, 1층 우측에서 1번째"
257,강원,춘천시,육림고개상점가,메이샤1990,음식업,"춘천시 춘천로 151번길 19, 1층 우측에서 2번째"
258,강원,춘천시,육림고개상점가,노이 공방,공방,"춘천시 중앙로77번길 35, 600호"
259,경남,진주시,진주중앙시장,고량진미,음식업,"경상남도 진주시 대안동 8-158 중앙시장 제2층 3구 115호 경상남도 진주시 대안동 8-154, 8-155  중앙시장 제2층 3구 113, 114호"
260,경남,진주시,진주중앙시장,로드카우,음식업,"경상남도 진주시 대안동 8-157, 8-160 중앙시장 제2층 3구 46,47호 경상남도 진주시 대안동 8-156 중앙시장 제2층 3구 45호"
261,경남,진주시,진주중앙시장,호호당,음식업,경상남도 진주시 대안동 8-163 중앙시장 제2층 3구 120호 경상남도 진주시 대안동 8-10 중앙시장 제2층 3구 119호
262,경남,진주시,진주중앙시장,돈부리413,음식업,경상남도 진주시 대안동 8-10 중앙시장 제2층 3구 118호 경상남도 진주시 대안동 8-162  중앙시장 제2층 3구 117호
263,경남,진주시,진주중앙시장,거북이식탁,음식업,경상남도 진주시 대안동 8-10 중앙시장 제2층 3구 112호 경상남도 진주시 대안동 8-151  중앙시장 제2층 3구 111호
264,경남,진주시,진주중앙시장,와로샐러드,음식업,경상남도 진주시 대안동 8-165 중앙시장 제2층 3구 51호 경상남도 진주시 대안동 8-10  중앙시장 제2층 3구 50호
265,경남,진주시,진주중앙시장,꽃주막,음식업,"경상남도 진주시 대안동 8-149, 8-152 중앙시장 제2층 3구 41,42호 경상남도 진주시 대안동 8-148  중앙시장 제2층 3구 40호"
266,경남,진주시,진주중앙시장,핫덕후,음식업,"경상남도 진주시 대안동 8-10, 8-211 중앙시장 제2층 2구 14, 15호"
267,경남,진주시,진주중앙시장,모이밍,음식업,"경상남도 진주시 대안동 8-210, 8-10 중앙시장 제2층 2구 12, 13호"
268,경북,안동시,안동중앙신시장,미친돈가스,음식업,"경북 안동시 옥야동 285-30, 제1호/제3호"
269,경북,안동시,안동중앙신시장,펀안동,서비스업,"경북 안동시 옥야동 285-9, 제3호"
270,경북,안동시,안동중앙신시장,면식수행,음식업,"경북 안동시 옥야동 285-12, 제3호/제4호"
271,경북,안동시,안동중앙신시장,구공닭발,음식업,경북 안동시 옥야동 285-10 가호/제2호/제3호
272,경북,안동시,안동중앙신시장,마풍버거(前마풍상회),음식업,"경북 안동시 옥야동 284-1, 제1호"
273,경북,안동시,안동중앙신시장,더얌얌,음식업,"경북 안동시 옥야동 285-17, 제124호"
274,경북,안동시,안동중앙신시장,찜닭이랑 아구랑,음식업,경북 안동시 옥야동 285-15
275,경북,안동시,안동중앙신시장,달콤공장,음식업,"경북 안동시 옥야동 285-14, 제3호"
276,경북,안동시,안동중앙신시장,섭키친,음식업,"경북 안동시 옥야동 285-16, 가호/나호"
277,경북,안동시,안동중앙신시장,오카롱,음식업,경북 안동시 옥야동 285-24
278,경북,안동시,안동중앙신시장,연금술사,음식업,경북 안동시 옥야동 285-17 제120호/제1호/가호
279,경북,안동시,안동중앙신시장,경지네공방,공방,경북 안동시 옥야동 285-16
280,경북,안동시,안동중앙신시장,봉식당,음식업,"경북 안동시 옥야동 285-25, 제2호"
281,경북,안동시,안동중앙신시장,시장국수,음식업,"경북 안동시 옥야동 285-25, 제3호"
282,경북,안동시,안동중앙신시장,옥야180,음식업,경북 안동시 옥야동 285-26
283,대구,달성군,현풍백년도깨비시장,미소 갈비찜,음식업,대구광역시 달성군 현풍면 현풍로 6길 5 청년몰 104호
284,대구,달성군,현풍백년도깨비시장,샌드맘마,음식업,대구광역시 달성군 현풍면 현풍로 6길 5 청년몰 110호
285,대구,달성군,현풍백년도깨비시장,용돈까스,음식업,대구광역시 달성군 현풍면 현풍로 6길 5 청년몰201호
286,대구,달성군,현풍백년도깨비시장,ES헤어(빛나는헤어),서비스업,대구광역시 달성군 현풍면 현풍로 6길 5 청년몰 204호
287,대구,달성군,현풍백년도깨비시장,향포,음식업,대구광역시 달성군 현풍면 현풍로 6길 5 청년몰 108호
288,대구,달성군,현풍백년도깨비시장,만냥회수산,음식업,대구광역시 달성군 현풍면 현풍로 6길 5 청년몰 202호
289,대구,달성군,현풍백년도깨비시장,리얼핸즈,공방,대구광역시 달성군 현풍면 현풍로 6길 5 청년몰 205호
290,대구,달성군,현풍백년도깨비시장,비엘BB,공방,대구광역시 달성군 현풍면 현풍로 6길 5 청년몰 109호
291,대구,달성군,현풍백년도깨비시장,우리쌀제빵소,음식업,대구광역시 달성군 현풍면 현풍로 6길 5 청년몰 103호
292,대구,달성군,현풍백년도깨비시장,비슬 홍차,음식업,대구광역시 달성군 현풍면 현풍로 6길 5 청년몰 303호
293,대구,달성군,현풍백년도깨비시장,Duet with you,음식업,대구광역시 달성군 현풍면 현풍로 6길 5 청년몰 302호
294,대구,달성군,현풍백년도깨비시장,달달스푼,음식업,대구광역시 달성군 현풍면 현풍로 6길 5 청년몰 105호
295,대구,달성군,현풍백년도깨비시장,이웃집 사진관,서비스업,대구광역시 달성군 현풍면 현풍로 6길 5 청년몰 304호
296,대구,달성군,현풍백년도깨비시장,올레가마솥순두부,음식업,대구광역시 달성군 현풍면 현풍로 6길 5 청년몰 101호
297,대구,달성군,현풍백년도깨비시장,슌이네일,서비스업,대구광역시 달성군 현풍면 현풍로 6길 5 청년몰 301호
298,대구,달성군,현풍백년도깨비시장,나무창작소,공방,대구광역시 달성군 현풍면 현풍로 6길 5 청년몰 106호
299,대구,달성군,현풍백년도깨비시장,크레페봉봉,음식업,대구광역시 달성군 현풍면 현풍로 6길 5 청년몰 105호
300,대구,달성군,현풍백년도깨비시장,현주떡볶이,음식업,대구광역시 달성군 현풍면 현풍로 6길 5 청년몰 103호
301,대구,달성군,현풍백년도깨비시장,"라탄,자연을엮다",도소매업,대구광역시 달성군 현풍면 현풍로 6길 5 청년몰 107호
302,서울,동대문구,경동시장,정스샌드위치,음식업,서울시 동대문구 고산자로 36길 3 신관3층 70101호
303,서울,동대문구,경동시장,오니식당,음식업,서울시 동대문구 고산자로 36길 3 신관3층 70102호
304,서울,동대문구,경동시장,분위기좋은식,음식업,서울시 동대문구 고산자로 36길 3 신관3층 70103호
305,서울,동대문구,경동시장,싸왓디타이,음식업,서울시 동대문구 고산자로 36길 3 신관3층 70104호
306,서울,동대문구,경동시장,경동고로케,음식업,서울시 동대문구 고산자로 36길 3 신관3층 70105호
307,서울,동대문구,경동시장,이면,음식업,서울시 동대문구 고산자로 36길 3 신관3층 70106호
308,서울,동대문구,경동시장,봉차우,음식업,서울시 동대문구 고산자로 36길 3 신관3층 70108호
309,서울,동대문구,경동시장,강정명가,음식업,서울시 동대문구 고산자로 36길 3 신관3층 70109호
310,서울,동대문구,경동시장,가영공간,도소매업,서울시 동대문구 고산자로 36길 3 신관3층 70111호
311,서울,동대문구,경동시장,리네,공방,서울시 동대문구 고산자로 36길 3 신관3층 70112호
312,서울,동대문구,경동시장,투테일스(2tails) ,도소매업,서울시 동대문구 고산자로 36길 3 신관3층 70113호
313,서울,동대문구,경동시장,무든(moodn),공방,서울시 동대문구 고산자로 36길 3 신관3층 70114호
314,서울,동대문구,경동시장,뮤호,공방,서울시 동대문구 고산자로 36길 3 신관3층 70115호
315,서울,동대문구,경동시장,지올라(G.oLa),도소매업,서울시 동대문구 고산자로 36길 3 신관3층 70116호
316,서울,동대문구,경동시장,어반파머,음식업,서울시 동대문구 고산자로 36길 3 신관3층 70117호
317,서울,동대문구,경동시장,밀그린 베이커리,음식업,서울시 동대문구 고산자로 36길 3 신관3층 70118호
318,서울,동대문구,경동시장,청산제과,음식업,서울시 동대문구 고산자로 36길 3 신관3층 70119호
319,서울,동대문구,경동시장,맘대롱스튜디오,음식업,서울시 동대문구 고산자로 36길 3 신관3층 70121호
320,서울,동대문구,경동시장,단미당,음식업,서울시 동대문구 고산자로 36길 3 신관3층 70122호
321,서울,동대문구,경동시장,버터바스켓,음식업,서울시 동대문구 고산자로 36길 3 신관3층 70123호
322,강원,삼척시,삼척중앙시장,구야키친,음식업,강원도 삼척시 진주로 12-21 청년몰 2층 201호
323,강원,삼척시,삼척중앙시장,아를 수제 돈까스,음식업,강원도 삼척시 진주로 12-21 청년몰 2층 203호
324,강원,삼척시,삼척중앙시장,박군스시,음식업,강원도 삼척시 진주로 12-21 청년몰 2층 204호
325,강원,삼척시,삼척중앙시장,예 손,음식업,강원도 삼척시 진주로 12-21 청년몰 2층 206호
326,강원,삼척시,삼척중앙시장,예 향,음식업,강원도 삼척시 진주로 12-21 청년몰 2층 207호
327,강원,삼척시,삼척중앙시장,이층칼국수,음식업,강원도 삼척시 진주로 12-21 청년몰 2층 208호
328,강원,삼척시,삼척중앙시장,슈슈마카롱,음식업,강원도 삼척시 진주로 12-21 청년몰 2층 209호
329,강원,삼척시,삼척중앙시장,청춘꿉자,음식업,강원도 삼척시 진주로 12-21 청년몰 2층 210호
330,강원,삼척시,삼척중앙시장,느린여행자,음식업,강원도 삼척시 진주로 12-21 청년몰 2층 211호
331,강원,삼척시,삼척중앙시장,제비다방,음식업,강원도 삼척시 진주로 12-21 청년몰 2층 213호
332,강원,삼척시,삼척중앙시장,청년표,음식업,강원도 삼척시 진주로 12-21 청년몰 2층 214호
333,강원,삼척시,삼척중앙시장,청춘을 돌려다오,서비스업,강원도 삼척시 진주로 12-21 청년몰 3층 301호
334,강원,삼척시,삼척중앙시장,스윗가든,음식업,강원도 삼척시 진주로 12-21 청년몰 3층 302호
335,강원,삼척시,삼척중앙시장,에일린네일,서비스업,강원도 삼척시 진주로 12-21 청년몰 3층 303호
336,강원,삼척시,삼척중앙시장,빛드림,도소매업,강원도 삼척시 진주로 12-21 청년몰 3층 304호
337,강원,삼척시,삼척중앙시장,클레이플레이,공방,강원도 삼척시 진주로 12-21 청년몰 3층 306호
338,강원,삼척시,삼척중앙시장,네일트리,서비스업,강원도 삼척시 진주로 12-21 청년몰 3층 307호
339,강원,삼척시,삼척중앙시장,연 빚,공방,강원도 삼척시 진주로 12-21 청년몰 3층 308호
340,강원,삼척시,삼척중앙시장,탐나는 공작소,공방,강원도 삼척시 진주로 12-21 청년몰 3층 309호
341,강원,속초시,설악로데오상점가,퍼니주니,음식업,강원도 속초시 중앙부두길24 (푸드6)
342,강원,속초시,설악로데오상점가,메모리하우스,서비스업,강원도 속초시 중앙부두길24 (공방6)
343,강원,속초시,설악로데오상점가,촌의손맛,음식업,강원도 속초시 중앙부두길24 (푸드1)
344,강원,속초시,설악로데오상점가,눈꽃,음식업,강원도 속초시 중앙부두길24 (푸드2)
345,강원,속초시,설악로데오상점가,서미당 속초달떡,음식업,강원도 속초시 중앙부두길24 (푸드9)
346,강원,속초시,설악로데오상점가,숯불와락꼬치,음식업,강원도 속초시 중앙부두길24 (푸드11)
347,강원,속초시,설악로데오상점가,원피규어,도소매업,강원도 속초시 중앙부두길24 (공방2)
348,강원,속초시,설악로데오상점가,불타는스시(BTS),음식업,강원도 속초시 중앙부두길24 (푸드13)
349,강원,속초시,설악로데오상점가,초하루,음식업,강원도 속초시 중앙부두길24 (푸드14)
350,강원,속초시,설악로데오상점가,달링하버,음식업,강원도 속초시 중앙부두길24 (푸드10)
351,강원,속초시,설악로데오상점가,불스테이크,음식업,강원도 속초시 중앙부두길24 (푸드4)
352,강원,속초시,설악로데오상점가,바삭구르메,음식업,강원도 속초시 중앙부두길24 (푸드12)
353,강원,속초시,설악로데오상점가,"안녕, 크레페씨",음식업,강원도 속초시 중앙부두길24 (푸드5)
354,강원,속초시,설악로데오상점가,옆집도예방,공방,강원도 속초시 중앙부두길24 (공방3)
355,강원,속초시,설악로데오상점가,신기루상점,공방,강원도 속초시 중앙부두길24 (공방1)
356,강원,속초시,설악로데오상점가,Antonius,음식업,강원도 속초시 중앙부두길24 (푸드7)
357,강원,속초시,설악로데오상점가,등대,서비스업,강원도 속초시 중앙부두길24 (공방5)
358,강원,속초시,설악로데오상점가,연어보고서,음식업,강원도 속초시 중앙부두길24 (푸드3)
359,강원,속초시,설악로데오상점가,한땀한땀,도소매업,강원도 속초시 중앙부두길24 (공방4)
360,전북,진안군,진안고원시장,SUMMER-B,도소매업,전북 진안군 진안읍 시장 1길 16 / 1-3호
361,전북,진안군,진안고원시장,고원 홍삼&도라지,도소매업,전북 진안군 진안읍 시장 1길 16 / 1-2호
362,전북,진안군,진안고원시장,달카롱,음식업,전북 진안군 진안읍 시장 1길 16 / 2-4호
363,전북,진안군,진안고원시장,수제정과와 수제창고,도소매업,전북 진안군 진안읍 시장 1길 16 / 1-1호
364,전북,진안군,진안고원시장,바다.한끼,음식업,전북 진안군 진안읍 시장 1길 16 / 2-7호
365,전북,진안군,진안고원시장,힐링 족욕카페,서비스업,전북 진안군 진안읍 시장 1길 16 / 2-1호
366,전북,진안군,진안고원시장,UFO 떡볶2,음식업,전북 진안군 진안읍 시장 1길 16 / 2-6호
367,전북,진안군,진안고원시장,청춘 필름,서비스업,전북 진안군 진안읍 시장 1길 16 / 2-3호
368,전북,진안군,진안고원시장,경복성,음식업,전북 진안군 진안읍 시장 1길 16 / 2-5호
369,전북,진안군,진안고원시장,늘봄,도소매업,전북 진안군 진안읍 시장 1길 16 / 2-2호
370,전북,완주군,삼례시장,이튼스튜디오,서비스업,"전북 완주군 삼례읍 삼봉로 6, 삼례시장2층, 102호"
371,전북,완주군,삼례시장,정바디,서비스업,"전북 완주군 삼례읍 삼봉로 6, 삼례시장2층, 103호"
372,전북,완주군,삼례시장,레가로 가죽공방,공방,"전북 완주군 삼례읍 삼봉로 6, 삼례시장2층, 105호"
373,전북,완주군,삼례시장,바늘생활,공방,"전북 완주군 삼례읍 삼봉로 6, 삼례시장2층, 106호"
374,전북,완주군,삼례시장,막둥이네,도소매업,"전북 완주군 삼례읍 삼봉로 6, 삼례시장2층, 107호"
375,전북,완주군,삼례시장,유별난농장,도소매업,"전북 완주군 삼례읍 삼봉로 6, 삼례시장2층, 108호"
376,전북,완주군,삼례시장,미쁘다,음식업,"전북 완주군 삼례읍 삼봉로 6, 삼례시장2층, 109호"
377,전북,완주군,삼례시장,덮앤더머,음식업,"전북 완주군 삼례읍 삼봉로 6, 삼례시장2층, 110호"
378,전북,완주군,삼례시장,밀랑밀랑,음식업,"전북 완주군 삼례읍 삼봉로 6, 삼례시장2층, 111호"
379,경남,김해시,김해동상시장,meyou,공방,"경남 김해시 구지로180번길 25, 3층 306호(동상동, 청년몰)"
380,경남,김해시,김해동상시장,DIANA TACO(다이나 타코),음식업,"경남 김해시 구지로180번길 25, 2층 203호(동상동, 청년몰)"
381,경남,김해시,김해동상시장,A-TAIWAN(에이타이완),음식업,"경남 김해시 구지로180번길 25, 2층 204호(동상동, 청년몰)"
382,경남,김해시,김해동상시장,다오리덕,음식업,"경남 김해시 구지로180번길 25, 2층 202호(동상동, 청년몰)"
383,경남,김해시,김해동상시장,솜소미네일,서비스업,"경남 김해시 구지로180번길 25, 3층 307호(동상동, 청년몰)"
384,경남,김해시,김해동상시장,마봄(내마음의봄날),서비스업,"경남 김해시 구지로180번길 25, 3층 308호(동상동, 청년몰)"
385,경남,김해시,김해동상시장,fika time(피카타임),음식업,"경남 김해시 구지로180번길 25, 3층 301호(동상동, 청년몰)"
386,경남,김해시,김해동상시장,맛난당,음식업,"경남 김해시 구지로180번길 25, 2층 201호(동상동, 청년몰)"
387,경남,김해시,김해동상시장,지숭이네,서비스업,"경남 김해시 구지로180번길 25, 3층 309호(동상동, 청년몰)"
388,경남,김해시,김해동상시장,세렌리아,음식업,"경남 김해시 구지로180번길 25, 2층 208호(동상동, 청년몰)"
389,경남,김해시,김해동상시장,마이소스,도소매업,"경남 김해시 구지로180번길 25, 3층 303호(동상동, 청년몰)"
390,경남,김해시,김해동상시장,탱크분식,음식업,"경남 김해시 구지로180번길 25, 2층 210호(동상동, 청년몰)"
391,경남,김해시,김해동상시장,웍1994,음식업,"경남 김해시 구지로180번길 25, 2층 206호(동상동, 청년몰)"
392,경남,김해시,김해동상시장,MARO’s(마로스과자공방),음식업,"경남 김해시 구지로180번길 25, 3층 302호(동상동, 청년몰)"
393,울산,남구,신정평화시장,정성혜 과자점,음식업,"울산시 남구 봉월로67번길 17, 201호"
394,울산,남구,신정평화시장,순수꽃차,음식업,"울산시 남구 봉월로67번길 17, 202호"
395,울산,남구,신정평화시장,리틀제이,도소매업,"울산시 남구 봉월로67번길 17, 203호"
396,울산,남구,신정평화시장,곰지소잉,공방,"울산시 남구 봉월로67번길 17, 204호"
397,울산,남구,신정평화시장,한소끔순두부,음식업,"울산시 남구 봉월로67번길 17, 206호"
398,울산,남구,신정평화시장,청년만두(인화당),음식업,"울산시 남구 봉월로67번길 17, 207호"
399,울산,남구,신정평화시장,또돈까스,음식업,"울산시 남구 봉월로67번길 17, 208호"
400,울산,남구,신정평화시장,달라키친,음식업,"울산시 남구 봉월로67번길 17, 210호"
401,울산,남구,신정평화시장,혜다,음식업,"울산시 남구 봉월로67번길 17, 211호"
402,울산,남구,신정평화시장,매일와쥬,음식업,"울산시 남구 봉월로67번길 17, 212호"
403,울산,남구,신정평화시장,달달홀릭,음식업,"울산시 남구 봉월로67번길 17, 213호"
404,제주,제주시,제주중앙로상점가,아일랜드 메모리,도소매업,"제주시 중앙로 11길 1, 1층 101호(이도일동 1362-1)"
405,제주,제주시,제주중앙로상점가,올레마켓,도소매업,"제주시 중앙로 11길 1, 1층 102호(이도일동 1362-1)"
406,제주,제주시,제주중앙로상점가,피크닉메이트(PICNIC MATE),도소매업,"제주시 중앙로 11길 1, 1층 103호(이도일동 1362-1)"
407,제주,제주시,제주중앙로상점가,백년 귤화다,도소매업,"제주시 중앙로 11길 1, 1층 104호(이도일동 1362-1)"
408,제주,제주시,제주중앙로상점가,르샤누아(Le Chat Noir),공방,"제주시 중앙로 11길 1, 1층 106호(이도일동 1362-1)"
409,제주,제주시,제주중앙로상점가,한땀작업실,공방,"제주시 중앙로 11길 1, 1층 107호(이도일동 1362-1)"
410,제주,제주시,제주중앙로상점가,온정떡방,음식업,"제주시 중앙로 11길 1, 2층 201호(이도일동 1362-1)"
411,제주,제주시,제주중앙로상점가,치즈식당,음식업,"제주시 중앙로 11길 1, 2층 202호(이도일동 1362-1)"
412,제주,제주시,제주중앙로상점가,비스듬히,음식업,"제주시 중앙로 11길 1, 2층 203호(이도일동 1362-1)"
413,제주,제주시,제주중앙로상점가,지조스바오,음식업,"제주시 중앙로 11길 1, 2층 204호(이도일동 1362-1)"
414,제주,제주시,제주중앙로상점가,착한혼밥,음식업,"제주시 중앙로 11길 1, 2층 205호(이도일동 1362-1)"
415,제주,제주시,제주중앙로상점가,아꼬앙,음식업,"제주시 중앙로 11길 1, 2층 206호(이도일동 1362-1)"
416,제주,제주시,제주중앙로상점가,떡갈비먹잰,음식업,"제주시 중앙로 11길 1, 2층 207호(이도일동 1362-1)"
417,제주,제주시,제주중앙로상점가,제주전유화(花),음식업,"제주시 중앙로 11길 1, 2층 210호(이도일동 1362-1)"
418,제주,제주시,제주중앙로상점가,고르고 고른 제주,도소매업,"제주시 중앙로 11길 1, 3층 302호(이도일동 1362-1)"
