,지자체,시장명,상인회 조직형태,상인회 가입점포 수 - 점포수,점포수,상인회_가입률
0,서울강남구,강남시장,임의단체,,70,
1,서울강남구,신사상가,,,90,
2,서울강남구,영동전통시장,법적단체,108,110,0.981818182
3,서울강남구,청담삼익시장,임의단체,,183,
4,서울강동구,고분다리전통시장,법적단체,75,106,0.70754717
5,서울강동구,길동복조리시장,법적단체,156,166,0.939759036
6,서울강동구,둔촌역전통시장,법적단체,116,125,0.928
7,서울강동구,명일전통시장,법적단체,85,90,0.944444444
8,서울강동구,성내전통시장,법적단체,78,82,0.951219512
9,서울강동구,암사종합시장,법적단체,113,113,1
10,서울강북구,강북북부시장,법적단체,29,50,0.58
11,서울강북구,동북시장,임의단체,22,28,0.785714286
12,서울강북구,수유북부시장,임의단체,,25,
13,서울강북구,수유시장,법적단체,56,60,0.933333333
14,서울강북구,수유재래시장,법적단체,110,110,1
15,서울강북구,수유전통시장(수유골목시장),법적단체,85,85,1
16,서울강북구,수유중앙시장,,,40,
17,서울강북구,수유프라자,임의단체,,88,
18,서울강북구,숭인시장,,,90,
19,서울강북구,우이시장,,,31,
20,서울강북구,장미원골목시장,법적단체,85,108,0.787037037
21,서울강서구,까치산시장,법적단체,138,138,1
22,서울강서구,남부골목시장,법적단체,149,153,0.973856209
23,서울강서구,남부화곡시장,,,20,
24,서울강서구,대원종합시장,,,40,
25,서울강서구,등마루시장,,,60,
26,서울강서구,방신전통시장,법적단체,91,94,0.968085106
27,서울강서구,신월중앙시장,임의단체,,30,
28,서울강서구,화곡본동시장,법적단체,50,50,1
29,서울강서구,화곡중앙골목시장,법적단체,54,58,0.931034483
30,서울관악구,관악신사시장,법적단체,100,104,0.961538462
31,서울관악구,봉일시장,,,24,
32,서울관악구,봉천제일종합시장,법적단체,25,30,0.833333333
33,서울관악구,봉천중앙시장,임의단체,,30,
34,서울관악구,봉천현대시장,법적단체,31,32,0.96875
35,서울관악구,신림종합시장,,,26,
36,서울관악구,신림중앙시장,법적단체,35,292,0.119863014
37,서울관악구,신림현대종합상가,법적단체,45,89,0.505617978
38,서울관악구,신신림시장,,,40,
39,서울관악구,신원시장,법적단체,119,121,0.983471074
40,서울관악구,우림시장,법적단체,0,95,0
41,서울관악구,인헌시장,법적단체,50,50,1
42,서울관악구,펭귄시장,법적단체,67,80,0.8375
43,서울광진구,광성시장,법적단체,132,132,1
44,서울광진구,노룬산골목시장(인정시장),법적단체,30,30,1
45,서울광진구,노룬산시장(건물형),임의단체,,58,
46,서울광진구,능동로골목시장,법적단체,76,87,0.873563218
47,서울광진구,신성종합시장(건물형),임의단체,,26,
48,서울광진구,영동교골목시장,법적단체,57,57,1
49,서울광진구,자양전통시장,법적단체,135,136,0.992647059
50,서울광진구,중곡제일전통시장(중곡제일시장),법적단체,137,137,1
51,서울광진구,화양제일골목시장,법적단체,60,63,0.952380952
52,서울구로구,가리봉시장,법적단체,61,66,0.924242424
53,서울구로구,개봉중앙시장,,,21,
54,서울구로구,개봉프라자,임의단체,40,98,0.408163265
55,서울구로구,고척근린시장,법적단체,66,69,0.956521739
56,서울구로구,구로시장,법적단체,145,159,0.911949686
57,서울구로구,남구로시장,법적단체,184,184,1
58,서울금천구,남문시장,법적단체,108,108,1
59,서울금천구,은행나무시장,법적단체,60,62,0.967741935
60,서울금천구,비단길현대시장,법적단체,228,228,1
61,서울노원구,공릉동도깨비시장,법적단체,103,106,0.971698113
62,서울도봉구,방학동도깨비시장,법적단체,88,88,1
63,서울도봉구,백운시장,법적단체,38,54,0.703703704
64,서울도봉구,쌍문시장,법적단체,0,96,0
65,서울도봉구,창동골목시장,법적단체,60,62,0.967741935
66,서울도봉구,창동신창시장,법적단체,77,77,1
67,서울동대문구,경동광성상가,법적단체,102,102,1
68,서울동대문구,경동시장,법적단체,362,678,0.533923304
69,서울동대문구,답십리시장,법적단체,50,56,0.892857143
70,서울동대문구,답십리현대시장,법적단체,90,101,0.891089109
71,서울동대문구,동부시장,임의단체,,30,
72,서울동대문구,동서시장,법적단체,43,43,1
73,서울동대문구,서울약령시장,법적단체,453,1007,0.449851043
74,서울동대문구,전농로터리시장,법적단체,75,85,0.882352941
75,서울동대문구,청량리농수산물시장,법적단체,110,121,0.909090909
76,서울동대문구,청량리수산시장,법적단체,100,100,1
77,서울동대문구,청량리전통시장,법적단체,70,103,0.67961165
78,서울동대문구,청량리종합시장,법적단체,135,135,1
79,서울동대문구,청량리청과물시장,법적단체,150,150,1
80,서울동대문구,청량종합도매시장(깡통시장),법적단체,50,56,0.892857143
81,서울동대문구,회기시장,법적단체,60,64,0.9375
82,서울동작구,강남시장,법적단체,0,30,0
83,서울동작구,남성시장,법적단체,113,153,0.738562092
84,서울동작구,남성역골목시장,법적단체,52,78,0.666666667
85,서울동작구,본동인정시장,,,30,
86,서울동작구,사당시장,,,18,
87,서울동작구,상도전통시장,법적단체,50,73,0.684931507
88,서울동작구,성대시장,,,43,
89,서울동작구,성대전통시장,법적단체,91,104,0.875
90,서울마포구,공덕시장,법적단체,67,170,0.394117647
91,서울마포구,동진시장,임의단체,,19,
92,서울마포구,마포농수산물시장,법적단체,78,121,0.644628099
93,서울마포구,마포시장,법적단체,60,90,0.666666667
94,서울마포구,망원동월드컵시장,법적단체,50,50,1
95,서울마포구,망원시장,법적단체,79,79,1
96,서울마포구,서교시장,법적단체,24,63,0.380952381
97,서울마포구,아현시장,법적단체,137,150,0.913333333
98,서울마포구,영진시장,임의단체,,61,
99,서울서대문구,백련시장,법적단체,28,66,0.424242424
100,서울서대문구,연희사러가,법적단체,22,30,0.733333333
101,서울서대문구,영천시장,법적단체,135,135,1
102,서울서대문구,유진상가,법적단체,65,67,0.970149254
103,서울서대문구,인왕시장,임의단체,,158,
104,서울서초구,남부종합시장,임의단체,83,134,0.619402985
105,서울서초구,양재시장,,,31,
106,서울성동구,금남시장,법적단체,102,104,0.980769231
107,서울성동구,뚝도시장,법적단체,130,133,0.977443609
108,서울성동구,마장축산물시장,법적단체,597,1900,0.314210526
109,서울성동구,용답상가시장,임의단체,175,175,1
110,서울성북구,길음시장,법적단체,82,138,0.594202899
111,서울성북구,돈암시장,임의단체,102,106,0.962264151
112,서울성북구,돌곶이시장(구 석관황금시장),법적단체,74,92,0.804347826
113,서울성북구,장위전통시장,법적단체,62,64,0.96875
114,서울성북구,정릉시장,법적단체,87,120,0.725
115,서울성북구,정릉아리랑시장,법적단체,50,54,0.925925926
116,서울송파구,마천시장,법적단체,63,69,0.913043478
117,서울송파구,마천중앙시장,법적단체,138,139,0.992805755
118,서울송파구,방이시장,법적단체,107,136,0.786764706
119,서울송파구,새마을시장,법적단체,107,107,1
120,서울송파구,석촌시장,법적단체,50,60,0.833333333
121,서울송파구,풍납시장,법적단체,121,160,0.75625
122,서울양천구,경창시장,임의단체,50,50,1
123,서울양천구,목2동시장,,,96,
124,서울양천구,목동깨비시장 (목3동시장),법적단체,95,105,0.904761905
125,서울양천구,목사랑시장 (목4동시장),법적단체,85,85,1
126,서울양천구,신월1동신영시장,법적단체,110,127,0.866141732
127,서울양천구,우성상가시장,임의단체,8,9,0.888888889
128,서울양천구,월정로시장,,,123,
129,서울영등포구,대림중앙시장,법적단체,85,91,0.934065934
130,서울영등포구,대신시장,법적단체,152,202,0.752475248
131,서울영등포구,동남상가,법적단체,54,73,0.739726027
132,서울영등포구,삼구시장,법적단체,48,59,0.813559322
133,서울영등포구,영신상가,법적단체,80,99,0.808080808
134,서울영등포구,영일시장,법적단체,100,120,0.833333333
135,서울영등포구,영진시장(A동),임의단체,,57,
136,서울용산구,만리시장,임의단체,,33,
137,서울용산구,보광시장,임의단체,,27,
138,서울용산구,신흥시장,법적단체,65,65,1
139,서울용산구,용산용문시장,법적단체,154,155,0.993548387
140,서울용산구,이촌종합시장,법적단체,100,100,1
141,서울용산구,이태원시장,임의단체,,105,
142,서울용산구,후암시장,법적단체,42,48,0.875
143,서울은평구,대림골목시장,법적단체,53,76,0.697368421
144,서울은평구,대림시장,법적단체,63,65,0.969230769
145,서울은평구,대조시장,법적단체,102,105,0.971428571
146,서울은평구,신응암시장,법적단체,33,52,0.634615385
147,서울은평구,연서시장,법적단체,90,91,0.989010989
148,서울은평구,제일시장,법적단체,48,55,0.872727273
149,서울은평구,증산종합시장,법적단체,40,114,0.350877193
150,서울종로구,광장시장,법적단체,280,300,0.933333333
151,서울종로구,동대문종합시장,임의단체,0,4300,0
152,서울종로구,동대문종합시장D동상가,법적단체,900,1050,0.857142857
153,서울종로구,동문시장㈜,임의단체,160,320,0.5
154,서울종로구,신설종합시장,임의단체,80,156,0.512820513
155,서울종로구,종로신진시장,법적단체,86,104,0.826923077
156,서울종로구,통인시장,법적단체,75,85,0.882352941
157,서울종로구,한일상가,임의단체,38,228,0.166666667
158,서울종로구,동대문종합시장 신관(동대문쇼핑타운),임의단체,0,400,0
159,서울중구,광희패션몰,법적단체,1150,1190,0.966386555
160,서울중구,남대문시장,법적단체,3600,5400,0.666666667
161,서울중구,남평화시장,법적단체,430,500,0.86
162,서울중구,대림상가,법적단체,243,410,0.592682927
163,서울중구,동평화시장,법적단체,1030,1280,0.8046875
164,서울중구,동화상가,임의단체,,975,
165,서울중구,방산종합시장,법적단체,280,1240,0.225806452
166,서울중구,에리어식스(벨포스트),법적단체,205,393,0.521628499
167,서울중구,삼익패션타운,법적단체,527,1062,0.496233522
168,서울중구,서울중앙시장,법적단체,204,216,0.944444444
169,서울중구,숭례문수입상가,법적단체,535,565,0.946902655
170,서울중구,신중부시장,법적단체,396,749,0.52870494
171,서울중구,신중앙시장,법적단체,107,114,0.938596491
172,서울중구,신평화패션타운,법적단체,906,1266,0.71563981
173,서울중구,약수시장,임의단체,91,219,0.415525114
174,서울중구,자유상가,법적단체,100,180,0.555555556
175,서울중구,제일평화시장,법적단체,750,800,0.9375
176,서울중구,청평화시장,임의단체,965,1037,0.930568949
177,서울중구,통일상가,법적단체,339,627,0.540669856
178,서울중구,평화시장,법적단체,1300,2170,0.599078341
179,서울중구,황학시장,법적단체,108,116,0.931034483
180,서울중랑구,동성타워프라자,임의단체,55,83,0.662650602
181,서울중랑구,동원전통종합시장,법적단체,124,127,0.976377953
182,서울중랑구,면목골목시장,법적단체,92,93,0.989247312
183,서울중랑구,사가정시장,법적단체,135,135,1
184,서울중랑구,신아타운,임의단체,,150,
185,서울중랑구,우림골목시장,법적단체,127,127,1
186,서울중랑구,중랑교종합상가,,,67,
187,서울중랑구,중랑동부시장(동부골목시장),법적단체,121,125,0.968
188,서울중랑구,태능엔터피아,임의단체,0,47,0
189,부산강서구,명지시장,임의단체,105,115,0.913043478
190,부산금정구,구서오시게시장,법적단체,93,93,1
191,부산금정구,금사제일상가시장,임의단체,22,32,0.6875
192,부산금정구,부곡상가시장,법적단체,82,136,0.602941176
193,부산금정구,서동시장,법적단체,60,72,0.833333333
194,부산금정구,서동전통골목시장,법적단체,170,175,0.971428571
195,부산금정구,서동향토시장,법적단체,147,153,0.960784314
196,부산금정구,장성시장,법적단체,24,28,0.857142857
197,부산금정구,장전상가시장,법적단체,42,57,0.736842105
198,부산기장군,기장시장,임의단체,135,149,0.906040268
199,부산남구,감만시장,법적단체,50,63,0.793650794
200,부산남구,남광시장,임의단체,44,57,0.771929825
201,부산남구,대연시장,법적단체,66,69,0.956521739
202,부산남구,동성하이타운시장,법적단체,47,340,0.138235294
203,부산남구,못골골목시장,임의단체,147,150,0.98
204,부산남구,새감만종합시장,임의단체,20,30,0.666666667
205,부산남구,용호1동골목시장,법적단체,32,130,0.246153846
206,부산남구,용호골목시장,법적단체,110,113,0.973451327
207,부산남구,용호삼성시장,법적단체,27,37,0.72972973
208,부산남구,용호시장,법적단체,60,62,0.967741935
209,부산남구,우암골목시장,임의단체,30,130,0.230769231
210,부산동구,부산자유시장,법적단체,1483,1776,0.835022523
211,부산동구,부산남문시장,법적단체,170,192,0.885416667
212,부산동구,부산진시장,법적단체,1044,1070,0.975700935
213,부산동구,성북시장,법적단체,80,117,0.683760684
214,부산동구,수정시장,법적단체,68,69,0.985507246
215,부산동구,수정전통시장,법적단체,110,115,0.956521739
216,부산동구,초량상가시장,법적단체,40,100,0.4
217,부산동구,초량전통시장,법적단체,157,158,0.993670886
218,부산동구,범일골목시장,법적단체,50,80,0.625
219,부산동래구,국민시장,임의단체,49,78,0.628205128
220,부산동래구,금성상가시장,임의단체,,14,
221,부산동래구,동래시장,법적단체,332,343,0.967930029
222,부산동래구,명장시장,임의단체,,46,
223,부산동래구,사직시장,법적단체,10,140,0.071428571
224,부산동래구,서원시장,임의단체,49,53,0.924528302
225,부산동래구,수안인정시장,법적단체,117,243,0.481481481
226,부산동래구,안락상가시장,임의단체,59,59,1
227,부산동래구,온천인정시장,법적단체,86,129,0.666666667
228,부산동래구,충렬상가시장,임의단체,33,108,0.305555556
229,부산부산진구,가야벽산상가,법적단체,75,80,0.9375
230,부산부산진구,개금골목시장,법적단체,195,195,1
231,부산부산진구,개금큰시장,법적단체,0,67,0
232,부산부산진구,골드테마거리,법적단체,324,324,1
233,부산부산진구,국제상가,법적단체,0,100,0
234,부산부산진구,당감골목시장,법적단체,79,125,0.632
235,부산부산진구,당감새시장,법적단체,121,121,1
236,부산부산진구,당감시장,법적단체,0,43,0
237,부산부산진구,동평새시장,법적단체,62,65,0.953846154
238,부산부산진구,부산전자종합시장,법적단체,130,135,0.962962963
239,부산부산진구,부산평화시장,법적단체,460,900,0.511111111
240,부산부산진구,부전기장골목시장,법적단체,60,60,1
241,부산부산진구,부전농수산물새벽시장,임의단체,305,330,0.924242424
242,부산부산진구,부전상가,법적단체,650,735,0.884353741
243,부산부산진구,부전시장,법적단체,225,229,0.982532751
244,부산부산진구,부전인삼시장,법적단체,60,60,1
245,부산부산진구,서면시장,법적단체,183,209,0.875598086
246,부산부산진구,서면종합시장,법적단체,240,260,0.923076923
247,부산부산진구,서면중앙시장,임의단체,129,150,0.86
248,부산부산진구,성곡종합시장,임의단체,52,58,0.896551724
249,부산부산진구,양정시장,법적단체,50,110,0.454545455
250,부산부산진구,양정전통시장,법적단체,97,98,0.989795918
251,부산부산진구,연지시장,법적단체,83,83,1
252,부산부산진구,전포놀이터시장,법적단체,58,70,0.828571429
253,부산부산진구,초읍시장,임의단체,28,58,0.482758621
254,부산북구,구포축산물도매시장,법적단체,195,205,0.951219512
255,부산북구,덕천시장,임의단체,60,112,0.535714286
256,부산북구,만덕2동제일상가시장,임의단체,35,47,0.744680851
257,부산북구,만덕시장,법적단체,22,47,0.468085106
258,부산북구,정이있는구포시장,법적단체,450,1036,0.434362934
259,부산사상구,감전시장,법적단체,128,146,0.876712329
260,부산사상구,감전제일상가시장,법적단체,49,57,0.859649123
261,부산사상구,구덕대림상가,임의단체,26,29,0.896551724
262,부산사상구,르네시떼시장,법적단체,660,2620,0.251908397
263,부산사상구,모라전통시장,법적단체,76,83,0.915662651
264,부산사상구,복이있는덕포시장,법적단체,170,175,0.971428571
265,부산사상구,부산산업용재유통상가,법적단체,751,841,0.892984542
266,부산사상구,부산산업용품상협동조합,법적단체,906,1006,0.900596421
267,부산사상구,부산새벽시장,법적단체,281,295,0.952542373
268,부산사상구,사상시장,법적단체,96,205,0.468292683
269,부산사상구,영해종합시장,,,30,
270,부산사상구,우신종합상가,법적단체,0,189,0
271,부산사상구,주례럭키종합상가,법적단체,67,78,0.858974359
272,부산사상구,주례현대무지개상가,법적단체,106,117,0.905982906
273,부산사상구,학장반도보라상가,법적단체,107,109,0.981651376
274,부산사상구,부산광역시건축자재판매협동조합,,,70,
275,부산사하구,가락타운상가시장,법적단체,124,135,0.918518519
276,부산사하구,감천2동시장,법적단체,49,54,0.907407407
277,부산사하구,감천시장,법적단체,37,39,0.948717949
278,부산사하구,괴정골목시장,법적단체,151,152,0.993421053
279,부산사하구,다대씨-파크,법적단체,215,245,0.87755102
280,부산사하구,당리시장,임의단체,,52,
281,부산사하구,사하시장,법적단체,50,80,0.625
282,부산사하구,신평골목시장,법적단체,99,111,0.891891892
283,부산사하구,신평종합시장,법적단체,21,102,0.205882353
284,부산사하구,에덴골목시장,법적단체,35,40,0.875
285,부산사하구,에덴시장,법적단체,20,80,0.25
286,부산사하구,장림골목시장,법적단체,88,95,0.926315789
287,부산사하구,장림시장,법적단체,37,37,1
288,부산사하구,하단시장,법적단체,40,40,1
289,부산사하구,하단오일상설시장,법적단체,103,103,1
290,부산서구,대신시장,임의단체,91,100,0.91
291,부산서구,동대신1동골목시장,임의단체,43,50,0.86
292,부산서구,서대신1동골목시장,임의단체,40,50,0.8
293,부산서구,서대신동골목시장,법적단체,94,107,0.878504673
294,부산서구,송남시장,임의단체,27,100,0.27
295,부산서구,아미시장,법적단체,30,37,0.810810811
296,부산서구,충무동골목시장,법적단체,170,170,1
297,부산서구,충무동새벽시장,법적단체,142,142,1
298,부산서구,충무동해안시장,법적단체,173,173,1
299,부산수영구,광안시장,법적단체,36,60,0.6
300,부산수영구,광안어패류시장,법적단체,20,30,0.666666667
301,부산수영구,광안종합시장,,,35,
302,부산수영구,남천해변시장,법적단체,150,160,0.9375
303,부산수영구,동방시장,,,30,
304,부산수영구,망미삼성상가시장,,,20,
305,부산수영구,망미새상가시장,임의단체,9,32,0.28125
306,부산수영구,망미종합시장,임의단체,0,18,0
307,부산수영구,망미중앙시장,법적단체,104,106,0.981132075
308,부산수영구,민락골목시장,법적단체,75,78,0.961538462
309,부산수영구,민락씨랜드시장,법적단체,0,55,0
310,부산수영구,민락어패류시장,법적단체,30,48,0.625
311,부산수영구,민락회타운시장,법적단체,37,45,0.822222222
312,부산수영구,삼익비치A상가시장,임의단체,100,110,0.909090909
313,부산수영구,삼익비치B상가시장,임의단체,100,111,0.900900901
314,부산수영구,세흥시장,,,40,
315,부산수영구,수영팔도시장,법적단체,129,129,1
316,부산수영구,현대종합상가시장,,,24,
317,부산연제구,거성시장,임의단체,,19,
318,부산연제구,거제시장,법적단체,79,84,0.94047619
319,부산연제구,연동시장,법적단체,0,23,0
320,부산연제구,연미새시장,법적단체,22,100,0.22
321,부산연제구,연일시장,법적단체,36,50,0.72
322,부산연제구,연천시장,법적단체,43,93,0.462365591
323,부산연제구,영남종합시장,법적단체,15,31,0.483870968
324,부산영도구,남항시장,법적단체,240,252,0.952380952
325,부산영도구,영도봉래시장,법적단체,132,134,0.985074627
326,부산영도구,청학시장,법적단체,30,80,0.375
327,부산중구,남포동건어물도매시장,법적단체,127,127,1
328,부산중구,국제시장,법적단체,520,620,0.838709677
329,부산중구,만물의거리시장,법적단체,72,77,0.935064935
330,부산중구,보수종합시장,임의단체,54,72,0.75
331,부산중구,부산데파트,법적단체,90,100,0.9
332,부산중구,부산자갈밭시장,법적단체,61,61,1
333,부산중구,부평깡통시장,법적단체,468,473,0.989429175
334,부산중구,새영주시장,법적단체,50,68,0.735294118
335,부산중구,신동아수산물종합시장,법적단체,392,520,0.753846154
336,부산중구,신창상가,법적단체,174,194,0.896907216
337,부산중구,신천지시장,법적단체,147,159,0.924528302
338,부산중구,아리랑거리,법적단체,40,229,0.174672489
339,부산중구,영주시장,법적단체,17,34,0.5
340,부산중구,월드밸리,법적단체,20,304,0.065789474
341,부산중구,자갈치시장,법적단체,280,320,0.875
342,부산중구,창선상가,법적단체,120,140,0.857142857
343,부산해운대구,반송큰시장(반송2동시장),법적단체,140,154,0.909090909
344,부산해운대구,반송골목시장,법적단체,66,79,0.835443038
345,부산해운대구,반송시장,임의단체,,22,
346,부산해운대구,반여2동상가시장,법적단체,80,85,0.941176471
347,부산해운대구,반여3동골목시장,법적단체,54,60,0.9
348,부산해운대구,반여시장,법적단체,45,145,0.310344828
349,부산해운대구,우동종합상가시장,법적단체,30,51,0.588235294
350,부산해운대구,재송시장,법적단체,56,68,0.823529412
351,부산해운대구,재송한마음시장,법적단체,63,83,0.759036145
352,부산해운대구,좌동재래시장,법적단체,76,76,1
353,부산해운대구,해운대시장,법적단체,109,111,0.981981982
354,대구남구,관문상가시장,법적단체,293,297,0.986531987
355,대구남구,관문시장,임의단체,,122,
356,대구남구,광덕시장,법적단체,19,100,0.19
357,대구남구,남부시장,법적단체,15,93,0.161290323
358,대구남구,대명시장,임의단체,90,131,0.687022901
359,대구남구,대명신시장,법적단체,,118,
360,대구남구,대명중앙시장,임의단체,15,70,0.214285714
361,대구남구,명덕시장,법적단체,39,42,0.928571429
362,대구남구,봉덕시장,법적단체,50,70,0.714285714
363,대구남구,봉덕신시장,법적단체,234,251,0.932270916
364,대구남구,성당시장,법적단체,90,100,0.9
365,대구남구,안지랑시장,법적단체,7,135,0.051851852
366,대구남구,영선신시장,법적단체,90,118,0.762711864
367,대구달서구,달서송림시장,임의단체,0,45,0
368,대구달서구,달서시장,법적단체,215,215,1
369,대구달서구,대곡시장,법적단체,0,77,0
370,대구달서구,대구대동시장,법적단체,0,102,0
371,대구달서구,대구예전우시장,법적단체,43,56,0.767857143
372,대구달서구,도원시장,법적단체,41,54,0.759259259
373,대구달서구,두류종합시장,임의단체,38,110,0.345454545
374,대구달서구,보성은하상가,법적단체,20,30,0.666666667
375,대구달서구,상원시장,법적단체,63,70,0.9
376,대구달서구,상인영남상가,임의단체,30,32,0.9375
377,대구달서구,서남시장,법적단체,13,19,0.684210526
378,대구달서구,서남신시장,법적단체,140,140,1
379,대구달서구,서대구시장,임의단체,8,89,0.08988764
380,대구달서구,성서보성화성상가,임의단체,20,34,0.588235294
381,대구달서구,송경종합시장,법적단체,10,78,0.128205128
382,대구달서구,송현주공시장(월촌역시장),법적단체,45,45,1
383,대구달서구,신내당시장,법적단체,25,92,0.27173913
384,대구달서구,와룡시장,법적단체,139,139,1
385,대구달서구,성서용산시장,법적단체,79,110,0.718181818
386,대구달서구,용산종합큰시장,법적단체,57,91,0.626373626
387,대구달서구,월배시장,법적단체,80,315,0.253968254
388,대구달서구,월성청구시장,법적단체,35,75,0.466666667
389,대구달서구,두류신시장,법적단체,40,82,0.487804878
390,대구달성군,논공중앙시장,법적단체,40,60,0.666666667
391,대구달성군,현풍백년도깨비시장,법적단체,63,65,0.969230769
392,대구달성군,화원시장,법적단체,36,36,1
393,대구동구,공항시장,법적단체,25,62,0.403225806
394,대구동구,동구시장,법적단체,121,123,0.983739837
395,대구동구,동대구역전시장,법적단체,25,35,0.714285714
396,대구동구,동서시장,법적단체,78,82,0.951219512
397,대구동구,목련시장,법적단체,59,64,0.921875
398,대구동구,반야월종합시장,법적단체,50,91,0.549450549
399,대구동구,방촌시장,법적단체,70,98,0.714285714
400,대구동구,불로전통시장,법적단체,100,100,1
401,대구동구,송라시장,법적단체,35,48,0.729166667
402,대구동구,평화시장,임의단체,49,71,0.690140845
403,대구북구,대구능금시장,법적단체,136,136,1
404,대구북구,대구청과시장,법적단체,63,116,0.543103448
405,대구북구,동대구시장,법적단체,54,83,0.65060241
406,대구북구,동대구신시장,법적단체,103,103,1
407,대구북구,산격종합시장,법적단체,95,300,0.316666667
408,대구북구,삼성시장,법적단체,50,60,0.833333333
409,대구북구,서변중앙시장,법적단체,60,65,0.923076923
410,대구북구,중앙시장,법적단체,33,38,0.868421053
411,대구북구,칠곡시장,법적단체,48,62,0.774193548
412,대구북구,칠성시장,법적단체,225,243,0.925925926
413,대구북구,칠성진시장,법적단체,96,106,0.905660377
414,대구북구,팔달신시장,법적단체,470,520,0.903846154
415,대구북구,산업용재관,법적단체,1012,1062,0.952919021
416,대구북구,섬유제품관,법적단체,131,146,0.897260274
417,대구북구,전기재료관,법적단체,110,141,0.780141844
418,대구북구,전기조명관,법적단체,81,83,0.975903614
419,대구북구,전자관,법적단체,939,1011,0.928783383
420,대구북구,전자상가,법적단체,356,369,0.964769648
421,대구북구,칠성본시장,법적단체,72,78,0.923076923
422,대구북구,칠성전자주방시장,법적단체,93,110,0.845454545
423,대구서구,대평리시장,법적단체,0,75,0
424,대구서구,새길시장,법적단체,33,69,0.47826087
425,대구서구,서구시장,법적단체,15,65,0.230769231
426,대구서구,서부시장,법적단체,75,135,0.555555556
427,대구서구,신평리시장,임의단체,120,140,0.857142857
428,대구서구,원고개시장,법적단체,127,127,1
429,대구서구,원대신시장,법적단체,53,59,0.898305085
430,대구서구,이현시장,법적단체,7,54,0.12962963
431,대구서구,중평시장,법적단체,9,77,0.116883117
432,대구수성구,동성시장,법적단체,0,99,0
433,대구수성구,수성시장,법적단체,0,98,0
434,대구수성구,신매시장,법적단체,117,178,0.657303371
435,대구수성구,지산목련시장(지산종합시장),법적단체,33,58,0.568965517
436,대구수성구,청구시장,법적단체,32,60,0.533333333
437,대구수성구,태백시장,법적단체,12,61,0.196721311
438,대구수성구,황금시장,법적단체,15,30,0.5
439,대구중구,교동시장,법적단체,130,147,0.884353741
440,대구중구,남문시장,법적단체,100,240,0.416666667
441,대구중구,동산상가,법적단체,797,816,0.976715686
442,대구중구,명품프라자상가,법적단체,144,213,0.676056338
443,대구중구,방천시장,법적단체,50,70,0.714285714
444,대구중구,번개시장,법적단체,110,120,0.916666667
445,대구중구,서문시장2지구종합상가,법적단체,1492,1518,0.9828722
446,대구중구,서문시장5지구,법적단체,228,237,0.962025316
447,대구중구,서문시장건해산물상가,법적단체,95,100,0.95
448,대구중구,서문시장제1지구직물시장,법적단체,189,196,0.964285714
449,대구중구,서문시장제1지구포목시장,법적단체,199,286,0.695804196
450,대구중구,약령시장,법적단체,165,215,0.76744186
451,대구중구,염매시장,법적단체,70,71,0.985915493
452,대구중구,서문시장4지구종합대체상가(베네시움),법적단체,120,1220,0.098360656
453,인천강화군,강화중앙시장(a동b동),임의단체,106,126,0.841269841
454,인천강화군,강화터미널상가,법적단체,86,93,0.924731183
455,인천강화군,강화풍물시장,법적단체,171,183,0.93442623
456,인천계양구,계산시장,법적단체,115,119,0.966386555
457,인천계양구,계양산전통시장,법적단체,124,124,1
458,인천계양구,작전시장,법적단체,105,120,0.875
459,인천미추홀구,석바위시장,법적단체,172,172,1
460,인천미추홀구,신기시장,법적단체,120,130,0.923076923
461,인천미추홀구,용현시장,법적단체,235,237,0.991561181
462,인천미추홀구,인천남부종합시장,법적단체,120,123,0.975609756
463,인천미추홀구,인천용남시장,법적단체,60,60,1
464,인천미추홀구,토지금고시장,법적단체,111,118,0.940677966
465,인천미추홀구,학익시장,법적단체,45,87,0.517241379
466,인천남동구,간석자유시장,법적단체,120,138,0.869565217
467,인천남동구,구월도매전통시장,법적단체,54,77,0.701298701
468,인천남동구,구월시장,법적단체,140,145,0.965517241
469,인천남동구,만수시장,법적단체,47,68,0.691176471
470,인천남동구,인천모래내전통시장,법적단체,208,216,0.962962963
471,인천남동구,장승백이전통시장,법적단체,64,95,0.673684211
472,인천동구,동부시장,법적단체,35,54,0.648148148
473,인천동구,송림공구상가,법적단체,0,326,0
474,인천동구,송현시장,법적단체,80,103,0.776699029
475,인천동구,인천산업유통사업협동조합,법적단체,4735,4735,1
476,인천동구,중앙시장,법적단체,43,103,0.417475728
477,인천동구,현대시장,법적단체,265,285,0.929824561
478,인천부평구,일신시장(부일종합시장),법적단체,35,79,0.443037975
479,인천부평구,부평깡시장,법적단체,150,150,1
480,인천부평구,부평문화의거리,법적단체,210,210,1
481,인천부평구,부평종합시장,법적단체,200,200,1
482,인천부평구,십정종합시장(열우물전통시장),법적단체,52,75,0.693333333
483,인천부평구,진흥종합시장,법적단체,78,82,0.951219512
484,인천서구,가좌시장,법적단체,123,123,1
485,인천서구,신거북시장,법적단체,108,120,0.9
486,인천서구,인천강남시장,법적단체,115,117,0.982905983
487,인천서구,인천축산물시장,법적단체,93,117,0.794871795
488,인천서구,정서진중앙시장,법적단체,130,131,0.992366412
489,인천연수구,연수구옥련시장,법적단체,80,300,0.266666667
490,인천연수구,연수송도역전시장,임의단체,80,106,0.754716981
491,인천중구,신포시장,법적단체,139,151,0.920529801
492,인천중구,신흥시장,법적단체,40,66,0.606060606
493,인천중구,인천종합어시장,법적단체,500,505,0.99009901
494,광주광산구,1913송정역시장(송정역전매일시장),법적단체,61,72,0.847222222
495,광주광산구,비아5일시장,법적단체,52,52,1
496,광주광산구,송정5일시장,법적단체,97,110,0.881818182
497,광주광산구,송정매일시장,임의단체,31,31,1
498,광주광산구,우산매일시장,법적단체,42,43,0.976744186
499,광주광산구,월곡시장,법적단체,41,43,0.953488372
500,광주남구,무등시장,법적단체,52,65,0.8
501,광주남구,봉선시장,법적단체,63,64,0.984375
502,광주동구,남광주시장,법적단체,205,220,0.931818182
503,광주동구,남광주해뜨는시장,법적단체,50,61,0.819672131
504,광주동구,대인시장,법적단체,207,299,0.692307692
505,광주동구,산수시장,법적단체,70,82,0.853658537
506,광주북구,동부시장,법적단체,23,35,0.657142857
507,광주북구,두암시장,법적단체,17,37,0.459459459
508,광주북구,말바우시장,법적단체,511,515,0.99223301
509,광주북구,운암시장,법적단체,51,118,0.43220339
510,광주서구,광주양동시장,법적단체,240,275,0.872727273
511,광주서구,양동건어물시장,법적단체,68,68,1
512,광주서구,양동경열로시장,법적단체,75,78,0.961538462
513,광주서구,양동닭전길시장,법적단체,147,180,0.816666667
514,광주서구,양동복개상가,법적단체,256,269,0.951672862
515,광주서구,양동산업용품시장,법적단체,119,135,0.881481481
516,광주서구,양동수산전통시장,법적단체,97,125,0.776
517,광주서구,화정동서부시장,법적단체,80,250,0.32
518,대전대덕구,법동시장,법적단체,50,74,0.675675676
519,대전대덕구,송촌시장,법적단체,34,34,1
520,대전대덕구,신탄진시장,법적단체,50,230,0.217391304
521,대전대덕구,중리시장,법적단체,159,166,0.957831325
522,대전동구,가양시장,임의단체,0,10,0
523,대전동구,대전도매시장,법적단체,37,118,0.313559322
524,대전동구,대전상가시장,임의단체,24,24,1
525,대전동구,신도시장,법적단체,68,73,0.931506849
526,대전동구,신중앙시장,법적단체,80,125,0.64
527,대전동구,용운시장,법적단체,36,40,0.9
528,대전동구,인동시장,법적단체,34,41,0.829268293
529,대전동구,자유도매시장,법적단체,49,102,0.480392157
530,대전동구,전통중앙도매상가,법적단체,145,145,1
531,대전동구,중앙도매시장,법적단체,40,68,0.588235294
532,대전동구,중앙메가프라자,임의단체,77,151,0.509933775
533,대전동구,중앙상가시장,법적단체,62,200,0.31
534,대전동구,중앙종합시장,법적단체,70,122,0.573770492
535,대전서구,도마큰시장,법적단체,464,465,0.997849462
536,대전서구,한민시장,법적단체,88,146,0.602739726
537,대전유성구,송강시장,법적단체,53,57,0.929824561
538,대전중구,문창전통시장,법적단체,164,205,0.8
539,대전중구,부사전통시장,법적단체,62,64,0.96875
540,대전중구,산성전통시장,법적단체,53,56,0.946428571
541,대전중구,오류전통시장,법적단체,50,55,0.909090909
542,대전중구,용두전통시장,임의단체,,33,
543,대전중구,유천전통시장,법적단체,65,67,0.970149254
544,대전중구,태평전통시장,법적단체,113,145,0.779310345
545,울산남구,(주)신정시장,법적단체,78,87,0.896551724
546,울산남구,(주)야음시장,법적단체,60,90,0.666666667
547,울산남구,수암상가시장,법적단체,88,88,1
548,울산남구,수암종합시장,법적단체,43,56,0.767857143
549,울산남구,신정상가시장,법적단체,242,252,0.96031746
550,울산남구,신정평화시장,법적단체,50,62,0.806451613
551,울산남구,야음상가시장,법적단체,96,110,0.872727273
552,울산남구,울산번개시장,법적단체,103,124,0.830645161
553,울산남구,울산산업공구월드,법적단체,277,282,0.982269504
554,울산동구,남목전통시장,법적단체,120,121,0.991735537
555,울산동구,대송농수산물시장,법적단체,84,90,0.933333333
556,울산동구,동울산종합시장,법적단체,61,68,0.897058824
557,울산동구,월봉시장,법적단체,92,179,0.51396648
558,울산북구,염포시장(신전시장),임의단체,,48,
559,울산북구,호계공설시장,법적단체,31,59,0.525423729
560,울산북구,화봉시장(화봉종합시장),임의단체,,46,
561,울산울주군,곡천공설시장,임의단체,10,10,1
562,울산울주군,남창옹기종기시장,법적단체,21,21,1
563,울산울주군,덕신1차시장,법적단체,53,53,1
564,울산울주군,덕신2차시장,법적단체,22,24,0.916666667
565,울산울주군,덕하시장(덕하공설시장),임의단체,,22,
566,울산울주군,봉계공설시장,임의단체,15,18,0.833333333
567,울산울주군,언양공설시장,법적단체,57,58,0.982758621
568,울산울주군,언양종합상가시장,법적단체,83,98,0.846938776
569,울산중구,구역전시장,법적단체,81,81,1
570,울산중구,구역전전통시장,법적단체,45,48,0.9375
571,울산중구,반구시장,법적단체,78,78,1
572,울산중구,병영시장,법적단체,50,65,0.769230769
573,울산중구,서동시장,법적단체,79,80,0.9875
574,울산중구,선우시장,법적단체,64,68,0.941176471
575,울산중구,성남프라자,법적단체,81,131,0.618320611
576,울산중구,신울산종합시장,법적단체,30,50,0.6
577,울산중구,옥골시장,법적단체,65,77,0.844155844
578,울산중구,울산시장,법적단체,296,358,0.826815642
579,울산중구,중앙전통시장,법적단체,148,237,0.624472574
580,울산중구,태화종합시장,법적단체,144,157,0.917197452
581,울산중구,학성새벽시장,법적단체,190,193,0.984455959
582,울산중구,우정전통시장,법적단체,93,102,0.911764706
583,경기가평군,가평잣고을전통시장,법적단체,119,128,0.9296875
584,경기고양시,능곡시장,법적단체,67,77,0.87012987
585,경기고양시,덕이동패션1번지,법적단체,29,72,0.402777778
586,경기고양시,원당시장,법적단체,65,69,0.942028986
587,경기고양시,일산시장,법적단체,88,90,0.977777778
588,경기과천시,과천새서울프라자시장,법적단체,155,175,0.885714286
589,경기과천시,제일쇼핑시장,법적단체,72,76,0.947368421
590,경기광명시,광명새마을시장,법적단체,146,148,0.986486486
591,경기광명시,광명전통시장,법적단체,315,315,1
592,경기광주시,경안시장,법적단체,73,73,1
593,경기구리시,구리전통시장,법적단체,246,308,0.798701299
594,경기군포시,군포역전시장,법적단체,53,56,0.946428571
595,경기군포시,산본시장,법적단체,143,203,0.704433498
596,경기김포시,양곡시장,법적단체,50,76,0.657894737
597,경기김포시,양곡오라니장터시장,법적단체,46,70,0.657142857
598,경기김포시,통진시장,법적단체,118,120,0.983333333
599,경기남양주시,남양주장현 전통시장,법적단체,148,175,0.845714286
600,경기동두천시,동두천제일시장,법적단체,21,47,0.446808511
601,경기동두천시,동두천큰시장,법적단체,102,104,0.980769231
602,경기동두천시,세아프라자상가,법적단체,40,368,0.108695652
603,경기동두천시,중앙시장,법적단체,140,201,0.696517413
604,경기부천시,강남시장,법적단체,108,113,0.955752212
605,경기부천시,고리울동굴시장,법적단체,60,68,0.882352941
606,경기부천시,부천상동시장,법적단체,132,132,1
607,경기부천시,부천자유시장,법적단체,275,277,0.992779783
608,경기부천시,부천제일시장,법적단체,148,149,0.993288591
609,경기부천시,중동사랑시장(부천중동시장),법적단체,102,104,0.980769231
610,경기부천시,부천한신시장,법적단체,92,94,0.978723404
611,경기부천시,소사종합시장,법적단체,58,58,1
612,경기부천시,신흥시장,법적단체,65,68,0.955882353
613,경기부천시,역곡남부시장,법적단체,70,75,0.933333333
614,경기부천시,역곡상상시장(역곡북부시장),법적단체,110,110,1
615,경기부천시,오정시장,법적단체,68,70,0.971428571
616,경기부천시,원미부흥시장,법적단체,51,54,0.944444444
617,경기부천시,원미종합시장,법적단체,106,106,1
618,경기부천시,원종종합시장,법적단체,51,51,1
619,경기부천시,원종중앙시장,법적단체,56,72,0.777777778
620,경기부천시,조공시장,법적단체,32,38,0.842105263
621,경기성남시,금호행복시장(금호시장),법적단체,160,166,0.963855422
622,경기성남시,단대전통시장,법적단체,74,78,0.948717949
623,경기성남시,돌고래시장,법적단체,133,141,0.943262411
624,경기성남시,동신종합시장,임의단체,90,90,1
625,경기성남시,모란종합시장,임의단체,16,120,0.133333333
626,경기성남시,미래그린시장,임의단체,,98,
627,경기성남시,미래타운제2종합시장,임의단체,59,60,0.983333333
628,경기성남시,분당우성시장,임의단체,,81,
629,경기성남시,분당종합시장,임의단체,,44,
630,경기성남시,상대원시장,법적단체,85,185,0.459459459
631,경기성남시,성남남한산성시장(은행골목시장),법적단체,56,74,0.756756757
632,경기성남시,야탑에이스코아시장,임의단체,,21,
633,경기성남시,은행시장,법적단체,50,51,0.980392157
634,경기성남시,코끼리시장,법적단체,46,138,0.333333333
635,경기성남시,코코프라자시장,법적단체,60,64,0.9375
636,경기성남시,하대원공설시장,법적단체,80,105,0.761904762
637,경기성남시,현대시장,법적단체,50,50,1
638,경기성남시,현대시장(분당),임의단체,105,106,0.990566038
639,경기성남시,현대프라자시장,임의단체,,96,
640,경기성남시,모란가축시장,법적단체,102,109,0.935779817
641,경기성남시,미금현대벤처빌시장,법적단체,121,123,0.983739837
642,경기성남시,범한프라자시장,법적단체,84,87,0.965517241
643,경기성남시,청구문화시장,법적단체,91,96,0.947916667
644,경기수원시,구매탄시장,법적단체,117,128,0.9140625
645,경기수원시,구천동공구상가,법적단체,72,104,0.692307692
646,경기수원시,권선종합시장,법적단체,105,109,0.963302752
647,경기수원시,남문로데오시장,법적단체,128,194,0.659793814
648,경기수원시,남문패션1번가시장,법적단체,126,156,0.807692308
649,경기수원시,매산시장,법적단체,96,103,0.932038835
650,경기수원시,못골종합시장,법적단체,89,89,1
651,경기수원시,미나리광시장,법적단체,60,60,1
652,경기수원시,북수원시장,법적단체,130,153,0.849673203
653,경기수원시,시민상가시장,법적단체,54,54,1
654,경기수원시,역전시장,법적단체,160,200,0.8
655,경기수원시,연무시장,법적단체,126,193,0.652849741
656,경기수원시,영동시장,법적단체,295,305,0.967213115
657,경기수원시,장안문거북시장,법적단체,119,137,0.868613139
658,경기수원시,정자시장,법적단체,149,150,0.993333333
659,경기수원시,조원시장,법적단체,100,125,0.8
660,경기수원시,지동시장,법적단체,172,236,0.728813559
661,경기수원시,팔달문시장,법적단체,136,239,0.569037657
662,경기수원시,화서시장,법적단체,157,203,0.773399015
663,경기시흥시,시흥삼미시장,법적단체,153,157,0.974522293
664,경기시흥시,정왕시장,법적단체,74,75,0.986666667
665,경기시흥시,도일시장,법적단체,54,56,0.964285714
666,경기안산시,스타프라자전통시장,법적단체,206,222,0.927927928
667,경기안산시,신안코아,법적단체,100,139,0.71942446
668,경기안산시,신안프라자전통시장,법적단체,95,103,0.922330097
669,경기안산시,안산시시민시장,법적단체,179,218,0.821100917
670,경기안산시,월드프라자,법적단체,201,234,0.858974359
671,경기안성시,안성맞춤시장,법적단체,118,123,0.959349593
672,경기안성시,일죽시장,법적단체,103,109,0.944954128
673,경기안성시,죽산시장,법적단체,77,110,0.7
674,경기안성시,중앙시장,법적단체,42,64,0.65625
675,경기안양시,박달시장,법적단체,123,124,0.991935484
676,경기안양시,석수시장,,,58,
677,경기안양시,안양관양시장,법적단체,106,106,1
678,경기안양시,안양남부시장,법적단체,175,180,0.972222222
679,경기안양시,안양중앙인정시장,법적단체,292,410,0.712195122
680,경기안양시,안양호계종합시장,법적단체,104,180,0.577777778
681,경기안양시,중앙시장,법적단체,80,315,0.253968254
682,경기양평군,양수리전통시장(양평양수리시장),법적단체,100,108,0.925925926
683,경기양평군,양평물맑은시장,법적단체,298,392,0.760204082
684,경기양평군,용문천년시장,법적단체,143,163,0.877300613
685,경기연천군,전곡재래시장,법적단체,60,64,0.9375
686,경기오산시,오색시장,법적단체,350,356,0.983146067
687,경기용인시,용인중앙시장,법적단체,350,530,0.660377358
688,경기용인시,죽전로데오상점가전통시장,법적단체,85,155,0.548387097
689,경기의왕시,부곡도깨비시장,법적단체,106,116,0.913793103
690,경기의정부시,의정부시장,법적단체,39,39,1
691,경기의정부시,의정부제일시장,법적단체,333,334,0.997005988
692,경기의정부시,의정부청과야채시장,법적단체,64,66,0.96969697
693,경기이천시,관고전통시장,법적단체,93,127,0.732283465
694,경기이천시,사기막골도자기시장,법적단체,53,56,0.946428571
695,경기이천시,장호원전통시장,법적단체,60,69,0.869565217
696,경기파주시,광탄시장,법적단체,103,115,0.895652174
697,경기파주시,금촌명동로시장,법적단체,60,80,0.75
698,경기파주시,금촌문화로시장,법적단체,113,116,0.974137931
699,경기파주시,금촌전통시장,법적단체,93,98,0.948979592
700,경기파주시,문산자유시장,법적단체,111,116,0.956896552
701,경기파주시,봉일천시장,법적단체,60,65,0.923076923
702,경기파주시,적성전통시장,법적단체,68,86,0.790697674
703,경기평택시,서정리시장,법적단체,97,100,0.97
704,경기평택시,송탄시장,법적단체,136,136,1
705,경기평택시,안중시장,법적단체,117,130,0.9
706,경기평택시,중앙시장,법적단체,117,150,0.78
707,경기평택시,통복시장,법적단체,567,587,0.96592845
708,경기포천시,운천전통시장,임의단체,23,50,0.46
709,경기포천시,일동전통시장,법적단체,26,36,0.722222222
710,경기하남시,덕풍전통시장,법적단체,136,140,0.971428571
711,경기하남시,신장전통시장,법적단체,79,79,1
712,경기화성시,남양시장,법적단체,195,202,0.965346535
713,경기화성시,발안시장,법적단체,160,221,0.7239819
714,경기화성시,사강시장,법적단체,260,352,0.738636364
715,경기화성시,조암시장,법적단체,250,410,0.609756098
716,강원강릉시,강릉동부시장,법적단체,72,168,0.428571429
717,강원강릉시,강릉서부시장,법적단체,53,154,0.344155844
718,강원강릉시,강릉성남시장,법적단체,116,126,0.920634921
719,강원강릉시,주문진건어물시장,법적단체,91,98,0.928571429
720,강원강릉시,주문진수산시장,법적단체,52,53,0.981132075
721,강원강릉시,주문진종합시장,법적단체,58,63,0.920634921
722,강원강릉시,중앙시장,법적단체,192,203,0.945812808
723,강원고성군,간성전통시장(천년고성시장),법적단체,75,84,0.892857143
724,강원고성군,거진시장,법적단체,51,53,0.962264151
725,강원동해시,동쪽바다중앙시장,법적단체,175,200,0.875
726,강원동해시,동해남부재래시장,법적단체,160,208,0.769230769
727,강원동해시,묵호시장,법적단체,67,157,0.426751592
728,강원동해시,북평민속시장,법적단체,60,140,0.428571429
729,강원삼척시,도계전두시장,법적단체,33,46,0.717391304
730,강원삼척시,도계중앙시장,법적단체,6,30,0.2
731,강원삼척시,삼척번개시장,법적단체,34,36,0.944444444
732,강원삼척시,삼척중앙시장,법적단체,239,261,0.915708812
733,강원속초시,속초종합중앙시장,법적단체,250,268,0.932835821
734,강원속초시,속초관광수산시장(구 속초중앙전통시장),법적단체,298,350,0.851428571
735,강원양구군,양구중앙시장,법적단체,55,57,0.964912281
736,강원양양군,양양전통시장,법적단체,66,68,0.970588235
737,강원영월군,서부공설시장,법적단체,39,41,0.951219512
738,강원영월군,서부아침시장,법적단체,25,27,0.925925926
739,강원영월군,영월종합상가시장,법적단체,87,87,1
740,강원원주시,문막시장,법적단체,50,71,0.704225352
741,강원원주시,미로예술원주중앙시장(원주중앙시장),법적단체,289,597,0.484087102
742,강원원주시,민속풍물시장,법적단체,103,103,1
743,강원원주시,북원상가시장,법적단체,80,141,0.567375887
744,강원원주시,원주남부시장,법적단체,130,205,0.634146341
745,강원원주시,자유시장,법적단체,405,449,0.902004454
746,강원원주시,중앙시민전통시장,법적단체,78,80,0.975
747,강원인제군,원통시장,법적단체,30,63,0.476190476
748,강원인제군,인제시장,법적단체,56,118,0.474576271
749,강원정선군,고한구공탄시장(고한시장),법적단체,82,85,0.964705882
750,강원정선군,임계사통팔달시장,법적단체,63,68,0.926470588
751,강원정선군,정선사북시장,법적단체,61,69,0.884057971
752,강원정선군,정선아리랑시장,법적단체,169,170,0.994117647
753,강원철원군,동송시장,법적단체,35,39,0.897435897
754,강원철원군,동송전통시장,법적단체,130,142,0.915492958
755,강원철원군,신철원시장,법적단체,55,62,0.887096774
756,강원철원군,와수시장,법적단체,96,104,0.923076923
757,강원춘천시,제일종합시장,법적단체,180,244,0.737704918
758,강원춘천시,춘천남부시장,법적단체,35,56,0.625
759,강원춘천시,춘천동부시장,법적단체,110,131,0.839694656
760,강원춘천시,춘천번개시장,법적단체,39,54,0.722222222
761,강원춘천시,춘천서부시장,법적단체,0,311,0
762,강원춘천시,춘천중앙시장,법적단체,53,200,0.265
763,강원춘천시,춘천풍물시장,법적단체,143,143,1
764,강원춘천시,춘천후평시장,법적단체,66,67,0.985074627
765,강원태백시,장성중앙시장,법적단체,45,47,0.957446809
766,강원태백시,황지자유시장,법적단체,144,146,0.98630137
767,강원평창군,봉평전통시장(봉평시장),법적단체,57,57,1
768,강원평창군,진부전통시장,법적단체,103,105,0.980952381
769,강원평창군,평창대화시장,법적단체,43,96,0.447916667
770,강원평창군,평창올림픽시장(평창전통시장),법적단체,69,90,0.766666667
771,강원홍천군,홍천시장,법적단체,90,121,0.743801653
772,강원홍천군,홍천중앙시장,법적단체,90,108,0.833333333
773,강원화천군,화천재래시장,법적단체,96,97,0.989690722
774,강원횡성군,횡성시장,법적단체,125,133,0.939849624
775,충북괴산군,괴산전통시장,법적단체,151,151,1
776,충북괴산군,목도재래시장,법적단체,46,66,0.696969697
777,충북괴산군,청천전통시장,법적단체,77,110,0.7
778,충북단양군,단양구경시장(단양인정시장),법적단체,118,120,0.983333333
779,충북단양군,매포전통시장(매포재래시장),법적단체,51,62,0.822580645
780,충북보은군,보은전통시장,법적단체,35,49,0.714285714
781,충북보은군,결초보은시장(구 보은종합시장),법적단체,46,113,0.407079646
782,충북영동군,영동전통시장,법적단체,160,174,0.91954023
783,충북영동군,영동중앙시장,법적단체,44,95,0.463157895
784,충북옥천군,옥천공설시장,법적단체,23,40,0.575
785,충북옥천군,옥천상가,법적단체,40,54,0.740740741
786,충북음성군,감곡시장,법적단체,61,65,0.938461538
787,충북음성군,대소시장,법적단체,130,137,0.948905109
788,충북음성군,삼성시장,법적단체,66,78,0.846153846
789,충북음성군,무극시장,법적단체,78,119,0.655462185
790,충북음성군,음성시장,법적단체,165,200,0.825
791,충북제천시,내토전통시장,법적단체,56,60,0.933333333
792,충북제천시,덕산면전통시장,법적단체,30,54,0.555555556
793,충북제천시,동문전통시장,법적단체,49,53,0.924528302
794,충북제천시,박달재전통시장,법적단체,25,41,0.609756098
795,충북제천시,제천약초시장,법적단체,50,63,0.793650794
796,충북제천시,제천역전한마음시장,법적단체,68,71,0.957746479
797,충북제천시,제천중앙시장,법적단체,285,707,0.40311174
798,충북증평군,증평장뜰재래시장,법적단체,90,92,0.97826087
799,충북진천군,운수대통! 생거진천전통시장,법적단체,69,73,0.945205479
800,충북진천군,진천중앙시장,법적단체,53,53,1
801,충북청주시,가경터미널시장,법적단체,81,81,1
802,충북청주시,밤고개자연시장(구 내덕자연시장),법적단체,48,48,1
803,충북청주시,내수전통시장,법적단체,55,80,0.6875
804,충북청주시,복대가경시장,법적단체,84,84,1
805,충북청주시,북부시장,법적단체,133,146,0.910958904
806,충북청주시,사직시장,법적단체,47,56,0.839285714
807,충북청주시,서문시장,법적단체,72,76,0.947368421
808,충북청주시,오창전통시장,법적단체,93,99,0.939393939
809,충북청주시,원마루시장,법적단체,103,120,0.858333333
810,충북청주시,육거리종합시장,법적단체,590,590,1
811,충북청주시,중앙시장,임의단체,55,72,0.763888889
812,충북청주시,직지시장,법적단체,55,66,0.833333333
813,충북청주시,청주두꺼비시장(구수곡시장),법적단체,52,54,0.962962963
814,충북청주시,청주사창시장,법적단체,85,87,0.977011494
815,충북충주시,관아골상가,법적단체,59,87,0.67816092
816,충북충주시,충주농산물종합시장(중앙청과시장),법적단체,185,190,0.973684211
817,충북충주시,목행시장,법적단체,98,105,0.933333333
818,충북충주시,무학시장,법적단체,160,166,0.963855422
819,충북충주시,연원시장,법적단체,58,58,1
820,충북충주시,중앙어울림시장,법적단체,40,43,0.930232558
821,충북충주시,충주옹달샘시장,법적단체,58,67,0.865671642
822,충북충주시,충주자유시장,법적단체,320,408,0.784313725
823,충북충주시,"성서중심시장(성서시장,문화의거리 통합)",법적단체,179,179,1
824,충남공주시,산성시장활성화구역,법적단체,190,318,0.597484277
825,충남공주시,유구시장,법적단체,72,74,0.972972973
826,충남금산군,금산국제인삼시장(금산인삼국제시장),법적단체,203,206,0.985436893
827,충남금산군,금산수삼센타,법적단체,285,293,0.972696246
828,충남금산군,금산금빛시장(금산시장),법적단체,78,81,0.962962963
829,충남금산군,금산약초시장,법적단체,31,35,0.885714286
830,충남금산군,금산인삼쇼핑센타,법적단체,51,54,0.944444444
831,충남금산군,중부프라자,법적단체,15,24,0.625
832,충남논산시,강경대흥시장,법적단체,81,110,0.736363636
833,충남논산시,강경젓갈시장,법적단체,40,140,0.285714286
834,충남논산시,연무안심시장,법적단체,68,95,0.715789474
835,충남논산시,연산전통시장,법적단체,20,61,0.327868852
836,충남논산시,화지중앙시장,법적단체,289,306,0.944444444
837,충남당진시,당진전통시장,법적단체,152,218,0.697247706
838,충남당진시,합덕전통시장,법적단체,64,69,0.927536232
839,충남보령시,동부시장,법적단체,43,57,0.754385965
840,충남보령시,보령중앙시장,법적단체,104,117,0.888888889
841,충남보령시,보령한내시장,법적단체,60,72,0.833333333
842,충남보령시,현대시장(현대상가시장),법적단체,49,49,1
843,충남부여군,부여시장,법적단체,64,100,0.64
844,충남부여군,부여중앙시장,법적단체,70,72,0.972222222
845,충남부여군,홍산시장,법적단체,56,58,0.965517241
846,충남서산시,대산종합시장,법적단체,0,64,0
847,충남서산시,서산동부전통시장(동부시장),법적단체,231,245,0.942857143
848,충남서산시,해미시장,법적단체,44,90,0.488888889
849,충남서산시,해미종합시장,법적단체,41,46,0.891304348
850,충남서천군,서천특화시장,법적단체,263,280,0.939285714
851,충남서천군,장항전통시장,법적단체,74,101,0.732673267
852,충남아산시,둔포전통시장(둔포시장),법적단체,64,89,0.719101124
853,충남아산시,온양온천시장(온양전통시장),법적단체,210,441,0.476190476
854,충남예산군,고덕시장,임의단체,,30,
855,충남예산군,삽교시장,법적단체,10,28,0.357142857
856,충남예산군,역전시장,법적단체,34,39,0.871794872
857,충남예산군,예산상설시장,법적단체,71,110,0.645454545
858,충남예산군,예산시장,법적단체,0,0,
859,충남천안시,천안중앙시장(구 남산중앙시장),법적단체,370,400,0.925
860,충남천안시,병천시장,법적단체,135,150,0.9
861,충남천안시,성정시장,법적단체,60,62,0.967741935
862,충남천안시,성환이화시장,법적단체,50,50,1
863,충남천안시,천안역전시장,법적단체,119,130,0.915384615
864,충남청양군,정산시장,법적단체,52,58,0.896551724
865,충남청양군,청양전통시장,법적단체,74,135,0.548148148
866,충남태안군,안면도수산시장(안면도장터),법적단체,33,33,1
867,충남태안군,태안서부시장,법적단체,146,146,1
868,충남태안군,태안동부시장(태안특산물전통시장),법적단체,108,140,0.771428571
869,충남홍성군,갈산정기시장,법적단체,33,85,0.388235294
870,충남홍성군,광천전통시장,법적단체,163,175,0.931428571
871,충남홍성군,홍성상설시장,법적단체,73,96,0.760416667
872,충남홍성군,홍성전통시장,임의단체,140,220,0.636363636
873,전북고창군,고창전통시장,법적단체,74,75,0.986666667
874,전북고창군,대산전통시장,임의단체,,70,
875,전북고창군,무장전통시장,법적단체,15,25,0.6
876,전북고창군,상하전통시장,법적단체,20,33,0.606060606
877,전북고창군,해리전통시장,법적단체,22,48,0.458333333
878,전북고창군,흥덕전통시장,법적단체,10,25,0.4
879,전북군산시,군산공설시장,법적단체,249,285,0.873684211
880,전북군산시,군산수산물종합센터,임의단체,123,150,0.82
881,전북군산시,군산신영시장,법적단체,80,82,0.975609756
882,전북군산시,군산주공시장,법적단체,39,43,0.906976744
883,전북군산시,대야전통시장,법적단체,53,53,1
884,전북군산시,명산시장,법적단체,68,72,0.944444444
885,전북군산시,역전종합시장,법적단체,98,99,0.98989899
886,전북김제시,금만시장,임의단체,,80,
887,전북김제시,김제전통시장,법적단체,67,75,0.893333333
888,전북김제시,역전시장,법적단체,46,55,0.836363636
889,전북김제시,원평공설시장(김제원평시장),임의단체,,33,
890,전북남원시,남원공설시장,법적단체,120,135,0.888888889
891,전북남원시,남원인월시장,법적단체,45,45,1
892,전북남원시,용남시장,법적단체,95,106,0.896226415
893,전북무주군,무주시장(반딧불장터),법적단체,47,47,1
894,전북무주군,무풍시장(대덕산장터),법적단체,10,10,1
895,전북무주군,설천시장(삼도봉장터),법적단체,13,13,1
896,전북무주군,안성시장(덕유산장터),법적단체,28,30,0.933333333
897,전북부안군,부안상설시장,법적단체,175,190,0.921052632
898,전북부안군,줄포시장,법적단체,19,30,0.633333333
899,전북순창군,동계시장,,,17,
900,전북순창군,복흥시장,,,12,
901,전북순창군,순창시장,법적단체,86,150,0.573333333
902,전북완주군,고산미소시장,법적단체,32,32,1
903,전북완주군,봉동시장,법적단체,33,33,1
904,전북완주군,삼례시장,법적단체,60,60,1
905,전북익산시,매일시장,법적단체,56,57,0.98245614
906,전북익산시,북부시장,법적단체,156,168,0.928571429
907,전북익산시,서동시장,법적단체,60,62,0.967741935
908,전북익산시,익산 구시장,법적단체,75,91,0.824175824
909,전북익산시,익산금마시장,법적단체,20,40,0.5
910,전북익산시,익산남부시장,법적단체,44,55,0.8
911,전북익산시,익산장(익산북부장),법적단체,110,250,0.44
912,전북익산시,중앙시장,법적단체,80,137,0.583941606
913,전북익산시,함열시장,법적단체,18,23,0.782608696
914,전북익산시,황등시장,법적단체,50,55,0.909090909
915,전북임실군,강진시장,임의단체,4,23,0.173913043
916,전북임실군,관촌시장,법적단체,14,34,0.411764706
917,전북임실군,오수시장,법적단체,10,19,0.526315789
918,전북임실군,임실시장,법적단체,64,67,0.955223881
919,전북장수군,산서시장,법적단체,12,31,0.387096774
920,전북장수군,장계시장,법적단체,39,44,0.886363636
921,전북장수군,장수시장,법적단체,32,33,0.96969697
922,전북전주시,모래내시장(전주),법적단체,201,210,0.957142857
923,전북전주시,전주남부시장,법적단체,307,327,0.93883792
924,전북전주시,전주신중앙시장(신중앙시장),법적단체,167,168,0.994047619
925,전북전주시,전주중앙상가,법적단체,375,386,0.971502591
926,전북전주시,서부시장상점가(서부시장 통합),법적단체,119,150,0.793333333
927,전북정읍시,샘고을시장,법적단체,278,322,0.863354037
928,전북정읍시,신태인시장,법적단체,45,48,0.9375
929,전북정읍시,정읍연지시장(정읍제2시장),법적단체,30,47,0.638297872
930,전북진안군,진안고원시장,법적단체,68,68,1
931,전남강진군,강진읍시장,임의단체,71,84,0.845238095
932,전남강진군,마량5일시장,임의단체,60,78,0.769230769
933,전남강진군,병영5일시장,임의단체,,13,
934,전남고흥군,고흥전통시장,법적단체,107,121,0.884297521
935,전남고흥군,과역전통시장,법적단체,35,35,1
936,전남고흥군,녹동전통시장,법적단체,65,72,0.902777778
937,전남고흥군,도화전통시장,법적단체,0,14,0
938,전남고흥군,동강전통시장,법적단체,25,25,1
939,전남곡성군,곡성기차마을전통시장,법적단체,128,151,0.847682119
940,전남곡성군,석곡전통시장,법적단체,46,48,0.958333333
941,전남곡성군,옥과5일시장,법적단체,30,40,0.75
942,전남광양시,광양5일시장,법적단체,96,99,0.96969697
943,전남광양시,광양매일시장,법적단체,54,75,0.72
944,전남광양시,광영상설시장,법적단체,39,42,0.928571429
945,전남광양시,옥곡5일시장,법적단체,56,62,0.903225806
946,전남광양시,중마시장,법적단체,76,80,0.95
947,전남구례군,구례5일시장,법적단체,157,163,0.963190184
948,전남구례군,구례상설시장,법적단체,38,39,0.974358974
949,전남나주시,나주목사고을시장,법적단체,109,129,0.84496124
950,전남나주시,남평5일시장,법적단체,36,42,0.857142857
951,전남나주시,다시5일시장,임의단체,,24,
952,전남나주시,영산포풍물시장,법적단체,85,95,0.894736842
953,전남담양군,창평전통시장,법적단체,30,48,0.625
954,전남목포시,동부시장,법적단체,240,279,0.860215054
955,전남목포시,목포종합수산시장,법적단체,90,131,0.687022901
956,전남목포시,신중앙시장,법적단체,140,144,0.972222222
957,전남목포시,자유시장,법적단체,153,168,0.910714286
958,전남목포시,중앙먹통시장,법적단체,52,91,0.571428571
959,전남목포시,청호시장,법적단체,156,166,0.939759036
960,전남목포시,항동시장,법적단체,100,127,0.787401575
961,전남무안군,무안전통시장,법적단체,63,64,0.984375
962,전남무안군,일로전통시장,법적단체,10,14,0.714285714
963,전남보성군,녹차골보성향토시장(보성읍5일시장),법적단체,95,98,0.969387755
964,전남보성군,벌교5일시장,법적단체,50,57,0.877192982
965,전남보성군,벌교매일시장,법적단체,60,90,0.666666667
966,전남보성군,보성매일시장,법적단체,24,30,0.8
967,전남보성군,복내5일시장,임의단체,0,25,0
968,전남보성군,조성5일시장,임의단체,,25,
969,전남순천시,괴목시장,,,57,
970,전남순천시,순천시아랫장(순천아랫장),법적단체,189,206,0.917475728
971,전남순천시,승주시장,,,21,
972,전남순천시,역전시장,법적단체,200,202,0.99009901
973,전남순천시,웃장,법적단체,67,158,0.424050633
974,전남순천시,중앙시장,법적단체,17,32,0.53125
975,전남신안군,지도시장,법적단체,60,60,1
976,전남여수시,(주)서시장,법적단체,119,209,0.56937799
977,전남여수시,교동시장,법적단체,78,78,1
978,전남여수시,덕양시장,임의단체,17,17,1
979,전남여수시,도깨비시장,법적단체,30,77,0.38961039
980,전남여수시,봉산시장,임의단체,45,57,0.789473684
981,전남여수시,쌍봉시장,법적단체,24,29,0.827586207
982,전남여수시,여수서시장주변시장,법적단체,240,250,0.96
983,전남여수시,여수수산물특화시장,임의단체,,257,
984,전남여수시,제일시장,법적단체,40,63,0.634920635
985,전남여수시,중앙선어시장,법적단체,40,40,1
986,전남여수시,중앙시장,법적단체,111,131,0.847328244
987,전남여수시,진남시장,법적단체,40,80,0.5
988,전남여수시,해안로건어물상가시장,법적단체,30,40,0.75
989,전남여수시,(주)여수수산시장,법적단체,115,115,1
990,전남영광군,영광고추특화시장,법적단체,40,40,1
991,전남영광군,굴비골영광시장(구 영광매일시장),법적단체,65,65,1
992,전남영광군,영광터미널시장,법적단체,85,85,1
993,전남영암군,구림5일시장,,,14,
994,전남영암군,시종5일시장,법적단체,30,46,0.652173913
995,전남영암군,영암5일시장,법적단체,110,125,0.88
996,전남완도군,노화읍5일시장,법적단체,18,20,0.9
997,전남완도군,완도전통시장(구 완도5일시장),법적단체,20,24,0.833333333
998,전남완도군,완도중앙시장,임의단체,12,15,0.8
999,전남장성군,사거리시장,법적단체,51,51,1
1000,전남장성군,사창시장,법적단체,10,21,0.476190476
1001,전남장성군,황룡시장,법적단체,71,81,0.87654321
1002,전남장흥군,대덕읍전통시장(대덕시장),임의단체,24,24,1
1003,전남장흥군,정남진장흥토요시장,법적단체,120,140,0.857142857
1004,전남장흥군,천관산관광시장,법적단체,33,33,1
1005,전남장흥군,회진시장,,,0,
1006,전남진도군,임회면십일시장,,,0,
1007,전남진도군,진도상설시장,임의단체,,17,
1008,전남진도군,진도읍조금시장,법적단체,30,34,0.882352941
1009,전남함평군,나산시장,임의단체,,15,
1010,전남함평군,월야시장,법적단체,15,21,0.714285714
1011,전남함평군,해보시장,법적단체,10,46,0.217391304
1012,전남해남군,남리5일시장,법적단체,13,29,0.448275862
1013,전남해남군,북평면남창5일시장,법적단체,16,17,0.941176471
1014,전남해남군,송지산정5일시장,법적단체,29,51,0.568627451
1015,전남해남군,우수영5일시장,법적단체,30,38,0.789473684
1016,전남해남군,좌일5일시장,법적단체,0,0,
1017,전남해남군,해남읍5일시장,법적단체,108,178,0.606741573
1018,전남해남군,화원5일시장,법적단체,30,50,0.6
1019,전남화순군,능주전통시장,법적단체,48,48,1
1020,전남화순군,이양전통시장,,,0,
1021,전남화순군,화순전통시장(화순읍전통시장),법적단체,80,80,1
1022,경북경산시,경산공설시장,법적단체,161,204,0.789215686
1023,경북경산시,자인공설시장,법적단체,50,60,0.833333333
1024,경북경산시,하양공설시장,법적단체,83,109,0.76146789
1025,경북경주시,감포시장,법적단체,48,51,0.941176471
1026,경북경주시,경주성동공설시장,법적단체,556,587,0.947189097
1027,경북경주시,경주중심상가시장,법적단체,210,489,0.429447853
1028,경북경주시,경주중앙시장,법적단체,636,716,0.888268156
1029,경북경주시,북부상가시장,법적단체,24,126,0.19047619
1030,경북경주시,북정로중심상가시장,법적단체,98,130,0.753846154
1031,경북경주시,불국사상가시장,법적단체,102,103,0.990291262
1032,경북경주시,불국시장,법적단체,34,34,1
1033,경북경주시,서면시장,임의단체,5,17,0.294117647
1034,경북경주시,안강공설시장,법적단체,180,245,0.734693878
1035,경북경주시,양남시장,법적단체,38,92,0.413043478
1036,경북경주시,양북시장,법적단체,50,50,1
1037,경북경주시,제2경주중심상가시장,법적단체,510,530,0.962264151
1038,경북경주시,건천시장,임의단체,40,40,1
1039,경북고령군,고령대가야시장,법적단체,77,105,0.733333333
1040,경북구미시,구미공단종합시장,법적단체,41,51,0.803921569
1041,경북구미시,구미산업유통단지,법적단체,413,729,0.566529492
1042,경북구미시,구미새마을중앙시장,법적단체,120,228,0.526315789
1043,경북구미시,구미종합상가,법적단체,48,60,0.8
1044,경북구미시,구미파크시장,법적단체,23,30,0.766666667
1045,경북구미시,금오시장,법적단체,17,258,0.065891473
1046,경북구미시,선산봉황시장,법적단체,120,229,0.524017467
1047,경북구미시,신평전통시장,법적단체,50,79,0.632911392
1048,경북구미시,인동시장,법적단체,65,126,0.515873016
1049,경북구미시,장천시장,법적단체,20,73,0.273972603
1050,경북구미시,제일시장상가,법적단체,24,47,0.510638298
1051,경북구미시,종합제일시장,법적단체,52,55,0.945454545
1052,경북구미시,해평공설시장,법적단체,23,86,0.26744186
1053,경북구미시,현대유통쇼핑센타,법적단체,80,91,0.879120879
1054,경북구미시,형곡시장프라자,법적단체,72,129,0.558139535
1055,경북구미시,형곡중앙시장,법적단체,70,76,0.921052632
1056,경북군위군,군위전통시장,법적단체,45,61,0.737704918
1057,경북군위군,의흥시장,임의단체,25,35,0.714285714
1058,경북김천시,평화시장,법적단체,104,117,0.888888889
1059,경북김천시,황금시장,법적단체,123,186,0.661290323
1060,경북문경시,(유)문경시중앙시장,법적단체,30,38,0.789473684
1061,경북문경시,가은아자개시장,법적단체,90,93,0.967741935
1062,경북문경시,문경전통시장,법적단체,70,80,0.875
1063,경북문경시,점촌전통시장 (구 신흥시장),법적단체,53,107,0.495327103
1064,경북문경시,문경중앙시장,법적단체,110,135,0.814814815
1065,경북봉화군,봉화상설시장,법적단체,135,136,0.992647059
1066,경북봉화군,봉화춘양시장(춘양시장),법적단체,120,134,0.895522388
1067,경북상주시,상주중앙시장,법적단체,141,184,0.766304348
1068,경북상주시,은척시장,임의단체,15,24,0.625
1069,경북상주시,풍물시장,법적단체,20,60,0.333333333
1070,경북상주시,함창시장,임의단체,,50,
1071,경북상주시,화령시장,법적단체,15,50,0.3
1072,경북성주군,성주시장,법적단체,43,44,0.977272727
1073,경북안동시,구담공설시장,법적단체,58,110,0.527272727
1074,경북안동시,안동구시장,법적단체,186,266,0.69924812
1075,경북안동시,용상공설시장,법적단체,69,69,1
1076,경북안동시,중앙신시장,법적단체,285,450,0.633333333
1077,경북안동시,풍산공설시장,법적단체,43,53,0.811320755
1078,경북안동시,북문시장,법적단체,70,84,0.833333333
1079,경북영덕군,강구시장,법적단체,40,54,0.740740741
1080,경북영덕군,남정시장,,,20,
1081,경북영덕군,영덕시장,법적단체,47,79,0.594936709
1082,경북영덕군,영해만세시장,법적단체,95,134,0.708955224
1083,경북영양군,영양시장,법적단체,70,80,0.875
1084,경북영주시,선비골전통시장,법적단체,85,101,0.841584158
1085,경북영주시,신영주번개시장,법적단체,36,37,0.972972973
1086,경북영주시,영주골목시장,법적단체,70,72,0.972222222
1087,경북영주시,영주공설시장,법적단체,93,106,0.877358491
1088,경북영주시,영주문화시장,법적단체,25,165,0.151515152
1089,경북영주시,영주소백쇼핑몰,법적단체,82,100,0.82
1090,경북영주시,영주종합시장,법적단체,45,57,0.789473684
1091,경북영주시,영주중앙시장,법적단체,59,68,0.867647059
1092,경북영주시,풍기인삼시장,법적단체,50,53,0.943396226
1093,경북영주시,풍기중앙시장,법적단체,60,74,0.810810811
1094,경북영주시,풍기토종인삼시장,법적단체,50,54,0.925925926
1095,경북영주시,후생시장,법적단체,25,30,0.833333333
1096,경북영천시,금호공설시장,법적단체,41,43,0.953488372
1097,경북영천시,신녕공설시장,법적단체,36,51,0.705882353
1098,경북영천시,영천공설시장,법적단체,220,245,0.897959184
1099,경북예천군,예천맛고을시장,법적단체,87,90,0.966666667
1100,경북예천군,예천상설시장,법적단체,77,82,0.93902439
1101,경북예천군,예천중앙시장,법적단체,56,65,0.861538462
1102,경북예천군,용궁시장,임의단체,20,30,0.666666667
1103,경북예천군,풍양시장,,,48,
1104,경북울진군,울진바지게시장,법적단체,234,252,0.928571429
1105,경북울진군,죽변시장,법적단체,64,64,1
1106,경북울진군,평해시장,법적단체,28,29,0.965517241
1107,경북울진군,후포시장,법적단체,49,124,0.39516129
1108,경북의성군,금성시장,임의단체,45,61,0.737704918
1109,경북의성군,단촌정기시장,법적단체,37,61,0.606557377
1110,경북의성군,봉양시장,법적단체,18,44,0.409090909
1111,경북의성군,안계공설시장,법적단체,70,117,0.598290598
1112,경북의성군,의성공설재래시장,법적단체,72,92,0.782608696
1113,경북의성군,의성염매시장,법적단체,30,37,0.810810811
1114,경북청도군,동곡공설시장,법적단체,40,63,0.634920635
1115,경북청도군,이서공설시장,임의단체,8,17,0.470588235
1116,경북청도군,청도공설시장,법적단체,100,189,0.529100529
1117,경북청도군,풍각공설시장,법적단체,57,67,0.850746269
1118,경북청송군,도평시장,,,26,
1119,경북청송군,부남시장,임의단체,40,57,0.701754386
1120,경북청송군,진보시장,법적단체,50,110,0.454545455
1121,경북청송군,청송시장,임의단체,,8,
1122,경북청송군,화목시장,,,20,
1123,경북청송군,안덕시장,임의단체,,13,
1124,경북칠곡군,왜관시장,법적단체,125,132,0.946969697
1125,경북포항시,구룡포시장,법적단체,120,125,0.96
1126,경북포항시,그린종합시장,임의단체,,31,
1127,경북포항시,기계시장,,,27,
1128,경북포항시,남부시장,법적단체,42,52,0.807692308
1129,경북포항시,대해불빛시장,법적단체,102,105,0.971428571
1130,경북포항시,두호1시장,임의단체,43,43,1
1131,경북포항시,상대종합시장,임의단체,15,34,0.441176471
1132,경북포항시,양학시장,법적단체,54,54,1
1133,경북포항시,연일전통시장,법적단체,130,140,0.928571429
1134,경북포항시,영남시장,법적단체,40,53,0.754716981
1135,경북포항시,영일대북부시장,법적단체,150,155,0.967741935
1136,경북포항시,오천삼광시장,법적단체,48,54,0.888888889
1137,경북포항시,오천시장,법적단체,74,101,0.732673267
1138,경북포항시,용흥시장,법적단체,60,80,0.75
1139,경북포항시,장량성도시장,임의단체,51,54,0.944444444
1140,경북포항시,죽도농산물시장,법적단체,500,530,0.943396226
1141,경북포항시,죽도시장,법적단체,470,510,0.921568627
1142,경북포항시,죽도어시장,법적단체,250,250,1
1143,경북포항시,중앙상가,법적단체,350,1400,0.25
1144,경북포항시,청하시장,임의단체,30,35,0.857142857
1145,경북포항시,큰동해시장,법적단체,126,130,0.969230769
1146,경북포항시,포항운하송림시장,법적단체,36,48,0.75
1147,경북포항시,한라종합시장,법적단체,19,40,0.475
1148,경북포항시,해도5(형산)시장,임의단체,14,39,0.358974359
1149,경북포항시,효자시장,법적단체,200,208,0.961538462
1150,경북포항시,흥해시장,법적단체,130,153,0.849673203
1151,경남거제시,거제고현시장,법적단체,175,207,0.845410628
1152,경남거제시,신부시장,법적단체,30,43,0.697674419
1153,경남거제시,옥수동새시장,법적단체,30,43,0.697674419
1154,경남거제시,옥수시장,법적단체,34,43,0.790697674
1155,경남거제시,옥포국제시장,법적단체,75,115,0.652173913
1156,경남거제시,옥현상가,법적단체,75,93,0.806451613
1157,경남거제시,장평종합시장,법적단체,67,81,0.827160494
1158,경남거제시,한라프라자,법적단체,55,57,0.964912281
1159,경남거제시,회원프라자,임의단체,,20,
1160,경남거창군,거창시장,법적단체,260,265,0.981132075
1161,경남고성군,고성공룡시장,법적단체,70,106,0.660377358
1162,경남고성군,고성시장,법적단체,282,320,0.88125
1163,경남고성군,배둔시장,법적단체,30,42,0.714285714
1164,경남고성군,영오시장,,,21,
1165,경남김해시,김해전통시장(김해동상시장),법적단체,152,170,0.894117647
1166,경남김해시,삼방시장,법적단체,67,70,0.957142857
1167,경남김해시,외동전통시장,법적단체,121,123,0.983739837
1168,경남김해시,장유전통시장(장유중앙시장),법적단체,104,111,0.936936937
1169,경남김해시,진례전통시장,,,0,
1170,경남김해시,진영전통시장,법적단체,66,76,0.868421053
1171,경남남해군,남면공설시장,임의단체,13,18,0.722222222
1172,경남남해군,남해전통시장,법적단체,100,110,0.909090909
1173,경남남해군,이동공설시장,임의단체,18,26,0.692307692
1174,경남밀양시,내일전통시장,법적단체,130,143,0.909090909
1175,경남밀양시,무안시장(무안임시시장),임의단체,,52,
1176,경남밀양시,밀양아리랑시장,법적단체,100,110,0.909090909
1177,경남밀양시,송백시장,,,5,
1178,경남밀양시,송지시장,,,50,
1179,경남밀양시,수산시장,임의단체,,65,
1180,경남사천시,곤양종합시장,법적단체,27,45,0.6
1181,경남사천시,사천읍시장,법적단체,106,115,0.92173913
1182,경남사천시,삼천포용궁수산시장,법적단체,268,286,0.937062937
1183,경남사천시,삼천포종합시장,법적단체,0,168,0
1184,경남사천시,삼천포중앙시장,법적단체,151,208,0.725961538
1185,경남사천시,완사시장,법적단체,44,45,0.977777778
1186,경남산청군,단계시장,임의단체,20,24,0.833333333
1187,경남산청군,단성시장,임의단체,45,45,1
1188,경남산청군,덕산시장,임의단체,28,28,1
1189,경남산청군,산청시장,임의단체,88,101,0.871287129
1190,경남산청군,생초시장,임의단체,20,20,1
1191,경남양산시,덕계종합상설시장,법적단체,137,138,0.992753623
1192,경남양산시,서창시장,법적단체,37,38,0.973684211
1193,경남양산시,신평시장,임의단체,30,30,1
1194,경남양산시,양산남부시장,법적단체,177,187,0.946524064
1195,경남양산시,양산남부시장상가,법적단체,113,115,0.982608696
1196,경남양산시,양산북부시장,법적단체,107,129,0.829457364
1197,경남의령군,신반시장,법적단체,50,60,0.833333333
1198,경남의령군,의령시장,법적단체,83,110,0.754545455
1199,경남진주시,금곡시장,임의단체,,0,
1200,경남진주시,대곡시장,법적단체,13,15,0.866666667
1201,경남진주시,동부종합상가,법적단체,60,68,0.882352941
1202,경남진주시,문산시장,임의단체,,10,
1203,경남진주시,이현종합상가,임의단체,12,373,0.032171582
1204,경남진주시,일반성상가(일반성시장),임의단체,40,47,0.85106383
1205,경남진주시,자유시장,임의단체,137,144,0.951388889
1206,경남진주시,진주동성상가,법적단체,128,150,0.853333333
1207,경남진주시,진주논개시장(장대시장),법적단체,205,373,0.549597855
1208,경남진주시,진주중앙시장,법적단체,384,430,0.893023256
1209,경남진주시,천전시장,임의단체,50,78,0.641025641
1210,경남진주시,평거한보하이타운,법적단체,50,148,0.337837838
1211,경남창녕군,남지시장,법적단체,0,64,0
1212,경남창녕군,영산시장,법적단체,25,57,0.438596491
1213,경남창녕군,이방정기시장,임의단체,12,25,0.48
1214,경남창녕군,창녕상설시장,법적단체,90,160,0.5625
1215,경남창원시,가음정대상가,임의단체,212,268,0.791044776
1216,경남창원시,가음정시장,법적단체,178,186,0.956989247
1217,경남창원시,경민인터빌상가,임의단체,50,80,0.625
1218,경남창원시,경창상가,법적단체,62,72,0.861111111
1219,경남창원시,경화시장,법적단체,140,143,0.979020979
1220,경남창원시,구암시장,법적단체,55,60,0.916666667
1221,경남창원시,구암현대시장,법적단체,49,55,0.890909091
1222,경남창원시,기산프라자,법적단체,29,158,0.183544304
1223,경남창원시,대동그린코아상가,법적단체,72,72,1
1224,경남창원시,대동씨코아상가시장,법적단체,120,120,1
1225,경남창원시,대동중앙상가,법적단체,41,41,1
1226,경남창원시,대동훼미리코아상가,법적단체,100,115,0.869565217
1227,경남창원시,대방덕산1차상가,법적단체,0,65,0
1228,경남창원시,덕산그린피아상가,법적단체,0,84,0
1229,경남창원시,동마산시장,법적단체,47,130,0.361538462
1230,경남창원시,동성올림픽타운,법적단체,78,92,0.847826087
1231,경남창원시,롯데종합상가,임의단체,50,75,0.666666667
1232,경남창원시,마산수산시장,법적단체,165,240,0.6875
1233,경남창원시,마산어시장,법적단체,642,669,0.959641256
1234,경남창원시,마산역번개시장,법적단체,79,79,1
1235,경남창원시,마천시장,임의단체,6,24,0.25
1236,경남창원시,명곡종합상가,법적단체,45,92,0.489130435
1237,경남창원시,명서시장,법적단체,159,167,0.952095808
1238,경남창원시,반송시장,법적단체,126,132,0.954545455
1239,경남창원시,봉곡민속체험시장(봉곡시장),법적단체,124,143,0.867132867
1240,경남창원시,봉곡프라자상가,법적단체,67,90,0.744444444
1241,경남창원시,부림상시장,법적단체,40,60,0.666666667
1242,경남창원시,부림시장,법적단체,200,402,0.497512438
1243,경남창원시,북동공설시장,법적단체,45,45,1
1244,경남창원시,북마산가구시장,법적단체,50,60,0.833333333
1245,경남창원시,북마산중앙시장,법적단체,60,210,0.285714286
1246,경남창원시,사파동성종합상가,법적단체,85,106,0.801886792
1247,경남창원시,산호시장,법적단체,60,71,0.845070423
1248,경남창원시,상남시장,법적단체,300,588,0.510204082
1249,경남창원시,서마산시장,법적단체,29,29,1
1250,경남창원시,석전시장,법적단체,30,135,0.222222222
1251,경남창원시,성원3차상가,법적단체,100,101,0.99009901
1252,경남창원시,성원그랜드쇼핑상가,법적단체,550,564,0.975177305
1253,경남창원시,소계시장,법적단체,62,72,0.861111111
1254,경남창원시,소계옛길시장,법적단체,53,57,0.929824561
1255,경남창원시,소답시장,법적단체,55,64,0.859375
1256,경남창원시,신마산반월시장(반월시장),법적단체,40,80,0.5
1257,경남창원시,신마산시장,법적단체,66,94,0.70212766
1258,경남창원시,양곡종합상가,법적단체,82,103,0.796116505
1259,경남창원시,양덕중앙시장,법적단체,21,83,0.253012048
1260,경남창원시,역전통합시장,법적단체,20,170,0.117647059
1261,경남창원시,웅천시장,,,0,
1262,경남창원시,월영대시장,법적단체,94,125,0.752
1263,경남창원시,유신종합상가,법적단체,45,56,0.803571429
1264,경남창원시,정우새어시장,법적단체,70,73,0.95890411
1265,경남창원시,중앙시장(창원중앙시장),법적단체,69,225,0.306666667
1266,경남창원시,지귀시장,법적단체,63,78,0.807692308
1267,경남창원시,진동시장,법적단체,20,25,0.8
1268,경남창원시,진동전통시장,법적단체,30,78,0.384615385
1269,경남창원시,진해중부시장,임의단체,60,108,0.555555556
1270,경남창원시,진해중앙시장,임의단체,251,324,0.774691358
1271,경남창원시,창원기계공구상가,법적단체,200,214,0.934579439
1272,경남창원시,창원도계부부시장,법적단체,113,113,1
1273,경남창원시,창원캔버라상가,임의단체,,29,
1274,경남창원시,창원코아상가,법적단체,115,184,0.625
1275,경남창원시,코오롱타운상가,법적단체,62,78,0.794871795
1276,경남창원시,토월복합상가시장,법적단체,30,214,0.140186916
1277,경남창원시,합성동상가,법적단체,78,100,0.78
1278,경남창원시,합성옛길시장,법적단체,55,60,0.916666667
1279,경남창원시,회성종합시장,법적단체,30,78,0.384615385
1280,경남창원시,합성대로상가,임의단체,20,35,0.571428571
1281,경남통영시,북신전통시장,법적단체,105,137,0.766423358
1282,경남통영시,서호전통시장,법적단체,200,240,0.833333333
1283,경남통영시,통영중앙시장,법적단체,270,280,0.964285714
1284,경남하동군,계천공설시장(계천시장),법적단체,11,45,0.244444444
1285,경남하동군,북천공설시장,법적단체,11,18,0.611111111
1286,경남하동군,옥종공설시장,법적단체,22,40,0.55
1287,경남하동군,진교공설시장,법적단체,72,74,0.972972973
1288,경남하동군,하동공설시장,법적단체,130,155,0.838709677
1289,경남하동군,화개장터,법적단체,72,74,0.972972973
1290,경남하동군,횡천공설시장(횡천시장),법적단체,11,14,0.785714286
1291,경남함안군,가야상설시장(가야시장),법적단체,70,86,0.813953488
1292,경남함안군,군복공설시장,법적단체,14,20,0.7
1293,경남함안군,대산공설시장,법적단체,0,34,0
1294,경남함안군,칠원공설시장,법적단체,0,16,0
1295,경남함양군,안의시장,임의단체,15,30,0.5
1296,경남함양군,지리산함양시장,법적단체,110,131,0.839694656
1297,경남함양군,함양토종약초시장,임의단체,21,23,0.913043478
1298,경남합천군,가야시장,임의단체,64,64,1
1299,경남합천군,삼가시장,임의단체,52,96,0.541666667
1300,경남합천군,야로시장,임의단체,32,34,0.941176471
1301,경남합천군,초계시장,임의단체,52,52,1
1302,경남합천군,합천시장,법적단체,159,159,1
1303,제주서귀포시,고성오일시장,법적단체,68,68,1
1304,제주서귀포시,대정오일시장,,,198,
1305,제주서귀포시,모슬포중앙시장,법적단체,64,68,0.941176471
1306,제주서귀포시,서귀포매일올레시장,법적단체,225,225,1
1307,제주서귀포시,서귀포향토오일시장,법적단체,532,568,0.936619718
1308,제주서귀포시,중문오일시장,,,67,
1309,제주서귀포시,표선오일시장,법적단체,50,50,1
1310,제주제주시,도남시장,법적단체,71,99,0.717171717
1311,제주제주시,동문시장(주),법적단체,77,79,0.974683544
1312,제주제주시,보성시장,법적단체,56,61,0.918032787
1313,제주제주시,세화오일시장,법적단체,150,151,0.993377483
1314,제주제주시,신산시장,법적단체,20,50,0.4
1315,제주제주시,제주동문수산시장,법적단체,94,94,1
1316,제주제주시,제주시동문공설시장,법적단체,30,32,0.9375
1317,제주제주시,제주시동문재래시장,법적단체,200,330,0.606060606
1318,제주제주시,제주시민속오일시장,법적단체,1020,1040,0.980769231
1319,제주제주시,제주시서문공설시장,법적단체,75,85,0.882352941
1320,제주제주시,제주칠성로상점가(칠성로상점가),법적단체,160,240,0.666666667
1321,제주제주시,중앙로상점가,법적단체,130,140,0.928571429
1322,제주제주시,한림매일시장,법적단체,45,58,0.775862069
1323,제주제주시,한림민속오일시장(한림오일시장),법적단체,143,144,0.993055556
1324,제주제주시,함덕오일시장,법적단체,39,43,0.906976744
1325,세종세종시,세종전통시장,법적단체,259,326,0.794478528
1326,세종세종시,전의왕의물시장,법적단체,50,68,0.735294118
1327,서울금천구,대명여울빛거리시장,법적단체,150,238,0.630252101
1328,대구중구,서문시장 아진상가 상점가,법적단체,165,233,0.708154506
1329,인천남동구,남동산업용품상가,법적단체,200,620,0.322580645
1330,울산울주군,언양알프스시장,법적단체,102,116,0.879310345
1331,경기여주시,여주한글시장(여주중앙로상점가),법적단체,166,179,0.927374302
1332,경남진주시,진주청과시장,법적단체,100,322,0.310559006
1333,경기가평군,청평여울시장,법적단체,107,114,0.938596491
1334,경기성남시,모란전통기름시장,법적단체,86,120,0.716666667
1335,경기안양시,중부농수산물시장,,,25,
1336,부산부산진구,철뚝시장,법적단체,50,63,0.793650794
1337,서울동대문구,답십리건축자재시장,법적단체,83,83,1
1338,서울양천구,신곡종합시장,임의단체,32,50,0.64
1339,서울양천구,신정제일시장,,,56,
1340,전남순천시,주암시장,법적단체,40,40,1
1341,충남보령시,대천항종합수산물시장,법적단체,126,136,0.926470588
1342,충남부여군,부여 새시장,법적단체,70,74,0.945945946
1343,충남홍성군,광천원동시장,법적단체,135,161,0.838509317
1344,경기안산시,안산패션타운전통시장,법적단체,122,139,0.877697842
1345,경기안산시,안산 다농마트 전통시장,법적단체,165,230,0.717391304
1346,경북영주시,풍기선비골인삼시장,법적단체,43,68,0.632352941
1347,서울구로구,고척골목시장상점가,법적단체,57,67,0.850746269
1348,서울중구,청계상가,법적단체,179,179,1
1349,서울중랑구,장미제일시장,법적단체,56,56,1
1350,경기시흥시,오이도전통수산시장,법적단체,57,172,0.331395349
1351,경기양평군,양동쌍학시장,법적단체,89,101,0.881188119
1352,경북포항시,청림시장,임의단체,,30,
1353,경북포항시,환호그린빌시장,임의단체,20,32,0.625
1354,경남사천시,삼천포전통수산시장,법적단체,60,66,0.909090909
1355,경남양산시,석계시장,임의단체,16,16,1
1356,충북제천시,제천고추시장,법적단체,57,86,0.662790698
1357,경북김천시,부곡시장,임의단체,16,21,0.761904762
1358,경북김천시,중앙시장,임의단체,,90,
1359,경북문경시,문화의거리 행복상점가,임의단체,132,150,0.88
1360,경북문경시,점촌역전상점가,법적단체,130,152,0.855263158
1361,경북상주시,남성시장,법적단체,100,140,0.714285714
1362,서울광진구,중곡제일시장(이오상사),,,15,
1363,서울광진구,한아름시장,,,32,
1364,대구북구,칠성상가시장,임의단체,70,70,1
1365,인천남동구,소래포구전통어시장,법적단체,230,335,0.686567164
1366,충북청주시,하복대시장,법적단체,33,51,0.647058824
1367,경북봉화군,봉화내성시장,법적단체,98,138,0.710144928
1368,경남거제시,거제읍내시장,법적단체,48,56,0.857142857
1369,서울관악구,관악종합시장,법적단체,,56,
1370,서울광진구,조양시장(건물형),임의단체,12,29,0.413793103
1371,서울노원구,상계중앙시장,법적단체,62,64,0.96875
1372,서울도봉구,신도봉시장,임의단체,14,25,0.56
1373,서울중구,중부시장,법적단체,160,510,0.31372549
1374,서울중구,테크노상가,법적단체,188,188,1
1375,서울중랑구,동원시장,,,14,
1376,서울중랑구,면목시장,,,35,
1377,경기성남시,금광시장,법적단체,16,22,0.727272727
1378,충북보은군,마로관기시장(관기재래시장),임의단체,16,40,0.4
1379,충북충주시,연수상가,법적단체,120,190,0.631578947
1380,충남공주시,공주산성시장,법적단체,440,560,0.785714286
1381,충남금산군,금산인삼전통시장,법적단체,0,69,0
1382,충남금산군,마전시장,,,15,
1383,충남보령시,웅천시장,법적단체,78,87,0.896551724
1384,충남예산군,덕산시장,법적단체,40,50,0.8
1385,전남구례군,지리산나들이장터,법적단체,22,22,1
1386,세종세종시,세종대평시장,법적단체,60,76,0.789473684
1387,세종세종시,부강전통시장,법적단체,60,70,0.857142857
1388,서울서대문구,포방터시장,법적단체,,88,
1389,인천동구,송현자유시장,임의단체,,91,
1390,대전동구,정원시장,법적단체,,90,
1391,충북괴산군,연풍전통시장,법적단체,,57,
1392,충북보은군,삼승원남시장(원남재래시장),법적단체,,58,
1393,충북보은군,회인재래시장,임의단체,,38,
1394,충북충주시,엄정내창시장,법적단체,,100,
1395,충남예산군,광시시장,임의단체,,10,
1396,경남함양군,마천전통시장,임의단체,10,11,0.909090909
1397,서울영등포구,영등포유통상가,법적단체,,1250,
1398,부산사상구,고려쇼핑센터,,,151,
1399,부산사상구,부산광역시철강판매협동조합,,,50,
1400,서울중구,Team204,법적단체,100,100,1
