지자체,시장명,배송서비스,장보기서비스
서울강남구,강남시장,1,1
서울강남구,신사상가,1,1
서울강남구,영동전통시장,0,1
서울강남구,청담삼익시장,1,1
서울강동구,고분다리전통시장,0,1
서울강동구,길동복조리시장,0,1
서울강동구,둔촌역전통시장,0,0
서울강동구,명일전통시장,1,1
서울강동구,성내전통시장,1,1
서울강동구,암사종합시장,0,0
서울강북구,강북북부시장,1,1
서울강북구,강북종합전통시장,1,1
서울강북구,동북시장,1,1
서울강북구,방천골목시장,1,1
서울강북구,번동북부골목시장,1,1
서울강북구,솔샘시장,1,1
서울강북구,수유북부시장,1,1
서울강북구,수유시장,1,1
서울강북구,수유재래시장,0,1
서울강북구,수유전통시장(수유골목시장),1,0
서울강북구,수유중앙골목시장,1,1
서울강북구,수유중앙시장,1,1
서울강북구,수유프라자,1,1
서울강북구,우이골목시장,1,1
서울강북구,우이시장,1,1
서울강북구,장미원골목시장,1,1
서울강북구,삼양골목시장,1,1
서울강서구,까치산시장,1,1
서울강서구,남부골목시장,1,1
서울강서구,남부화곡시장,1,1
서울강서구,대원종합시장,1,1
서울강서구,등마루시장,1,1
서울강서구,방신전통시장,0,1
서울강서구,신월중앙시장,1,1
서울강서구,화곡본동시장,0,1
서울강서구,화곡중앙골목시장,1,1
서울관악구,강남골목시장,1,1
서울관악구,관악신사시장,0,0
서울관악구,관악종합시장,1,1
서울관악구,미성동도깨비시장,1,1
서울관악구,봉일시장,1,1
서울관악구,봉천제일종합시장,1,1
서울관악구,봉천중앙시장,1,1
서울관악구,봉천현대시장,0,1
서울관악구,신림종합시장,1,1
서울관악구,신림현대종합상가,1,1
서울관악구,신신림시장,1,1
서울관악구,신원시장,1,1
서울관악구,우림시장,1,1
서울관악구,인헌시장,0,0
서울관악구,중부시장,1,1
서울관악구,펭귄시장,0,1
서울관악구,영림시장,1,1
서울광진구,광성시장,0,0
서울광진구,노룬산골목시장(인정시장),1,1
서울광진구,노룬산시장(건물형),1,1
서울광진구,면곡시장(골목형)(미인정),1,1
서울광진구,신성종합시장(건물형),1,1
서울광진구,영동교골목시장,1,1
서울광진구,자양전통시장,0,1
서울광진구,조양시장(건물형),1,1
서울광진구,중곡제일전통시장(중곡제일시장),0,1
서울광진구,화양제일골목시장,1,1
서울구로구,가리봉시장,1,1
서울구로구,개봉중앙시장,1,1
서울구로구,개봉프라자,1,1
서울구로구,고척근린시장,0,1
서울구로구,구로시장,1,1
서울구로구,남구로시장,0,1
서울금천구,남문시장,0,1
서울금천구,은행나무시장,1,1
서울금천구,현대시장,1,1
서울노원구,공릉동도깨비시장,0,1
서울노원구,상계중앙시장,1,1
서울도봉구,방학동도깨비시장,0,1
서울도봉구,백운시장,1,1
서울도봉구,신도봉시장,1,1
서울도봉구,창동골목시장,1,1
서울도봉구,창동신창시장,0,1
서울동대문구,경동광성상가,1,1
서울동대문구,답십리시장,1,1
서울동대문구,답십리현대시장,0,1
서울동대문구,동부시장,1,1
서울동대문구,동서시장,1,1
서울동대문구,서울약령시장,1,1
서울동대문구,전농로터리시장,1,1
서울동대문구,청량리농수산물시장,1,1
서울동대문구,청량리수산시장,1,1
서울동대문구,청량리전통시장,1,1
서울동대문구,청량리종합시장,1,1
서울동대문구,청량리청과물시장,1,1
서울동대문구,청량종합도매시장(깡통시장),1,1
서울동대문구,회기시장,1,1
서울동작구,강남시장,1,1
서울동작구,남성시장,1,1
서울동작구,남성역골목시장,1,1
서울동작구,노량진중앙시장,1,1
서울동작구,만양로 상점가,1,1
서울동작구,본동인정시장,1,1
서울동작구,사당시장,1,1
서울동작구,상도4동 도깨비시장,1,1
서울동작구,상도전통시장,1,1
서울동작구,성대시장,1,1
서울동작구,성대전통시장,0,0
서울동작구,신대방1동 골목시장,1,1
서울동작구,영도시장,1,1
서울동작구,흑석시장,1,1
서울마포구,공덕시장,1,1
서울마포구,마포농수산물시장,1,1
서울마포구,망원동월드컵시장,1,1
서울마포구,망원시장,0,0
서울마포구,서교시장,1,1
서울마포구,아현시장,1,1
서울마포구,영진시장,1,1
서울서대문구,백련시장,0,1
서울서대문구,연희사러가,1,1
서울서대문구,영천시장,0,1
서울서대문구,유진상가,1,1
서울서대문구,인왕시장,1,1
서울서초구,남부종합시장,1,1
서울서초구,양재시장,1,1
서울성동구,금남시장,1,0
서울성동구,뚝도시장,0,1
서울성동구,마장축산물시장,1,1
서울성동구,용답상가시장,1,1
서울성북구,길음시장,1,1
서울성북구,돈암시장,1,1
서울성북구,밤나무골시장,1,1
서울성북구,석관시장,1,1
서울성북구,돌곶이시장(구 석관황금시장),1,1
서울성북구,장위전통시장,1,1
서울성북구,정릉시장,0,1
서울성북구,정릉아리랑시장,1,1
서울송파구,마천시장,1,1
서울송파구,마천중앙시장,1,1
서울송파구,방이시장,1,1
서울송파구,새마을시장,1,1
서울송파구,석촌시장,1,1
서울송파구,풍납시장,0,1
서울양천구,경창시장,1,1
서울양천구,목2동시장,1,1
서울양천구,목동깨비시장 (목3동시장),0,0
서울양천구,목사랑시장 (목4동시장),0,0
서울양천구,신월1동신영시장,0,1
서울양천구,신월3동골목시장,1,1
서울양천구,신월7동골목시장,1,1
서울양천구,신정1동골목시장,1,1
서울양천구,신정2동골목시장,1,1
서울양천구,우성상가시장,1,1
서울양천구,월정로시장,1,1
서울영등포구,대림중앙시장,1,1
서울영등포구,대신시장,1,1
서울영등포구,동남상가,1,1
서울영등포구,삼구시장,1,1
서울영등포구,영신상가,1,1
서울영등포구,영일시장,1,1
서울영등포구,영진시장(A동),1,1
서울용산구,만리시장,1,1
서울용산구,보광시장,1,1
서울용산구,신흥시장,1,1
서울용산구,용산용문시장,0,1
서울용산구,이촌종합시장,1,1
서울용산구,이태원시장,1,1
서울용산구,후암시장,1,1
서울은평구,대림골목시장,1,1
서울은평구,대림시장,1,1
서울은평구,대조시장,1,1
서울은평구,신응암시장,0,1
서울은평구,연서시장,0,1
서울은평구,제일시장,1,1
서울은평구,증산종합시장,1,1
서울종로구,낙원시장,0,1
서울종로구,동대문상가A동,1,1
서울종로구,동대문상가B동,1,1
서울종로구,동대문상가C동,1,1
서울종로구,동대문종합시장,1,1
서울종로구,동대문종합시장D동상가,1,1
서울종로구,동문시장㈜,1,1
서울종로구,신설종합시장,1,1
서울종로구,종로신진시장,1,1
서울종로구,통인시장,0,1
서울종로구,한일상가,1,1
서울종로구,동대문상가D동,1,1
서울종로구,동대문종합시장 신관(동대문쇼핑타운),1,1
서울중구,광희패션몰,1,1
서울중구,남대문시장,1,1
서울중구,남평화시장,1,1
서울중구,대림상가,1,1
서울중구,동평화시장,1,1
서울중구,동화상가,1,1
서울중구,방산종합시장,1,1
서울중구,삼익패션타운,1,1
서울중구,서울중앙시장,1,1
서울중구,신중부시장,1,1
서울중구,신중앙시장,1,1
서울중구,신평화패션타운,1,1
서울중구,약수시장,1,1
서울중구,자유상가,1,1
서울중구,제일평화시장,1,1
서울중구,중부시장,1,1
서울중구,테크노상가,1,1
서울중구,통일상가,1,1
서울중구,평화시장,1,1
서울중구,황학시장,1,1
서울중랑구,동성타워프라자,1,1
서울중랑구,동원시장,1,1
서울중랑구,동원전통종합시장,0,0
서울중랑구,면목골목시장,1,1
서울중랑구,면목시장,1,1
서울중랑구,사가정시장,1,1
서울중랑구,신아타운,1,1
서울중랑구,우림골목시장,1,1
서울중랑구,중랑교종합상가,1,1
서울중랑구,중랑동부시장(동부골목시장),1,1
서울중랑구,태능엔터피아,1,1
부산강서구,덕두시장,1,1
부산강서구,명지시장,1,1
부산금정구,구서오시게시장,1,1
부산금정구,금사제일상가시장,1,1
부산금정구,부곡상가시장,1,1
부산금정구,서동시장,1,1
부산금정구,서동전통골목시장,1,1
부산금정구,서동향토시장,1,1
부산금정구,장성시장,1,1
부산금정구,장전상가시장,1,1
부산기장군,기장시장,1,1
부산기장군,송정시장,1,1
부산남구,감만시장,1,1
부산남구,남광시장,1,1
부산남구,대연시장,1,1
부산남구,동성하이타운시장,1,1
부산남구,못골골목시장,0,1
부산남구,새감만종합시장,1,1
부산남구,용호1동골목시장,0,0
부산남구,용호골목시장,1,1
부산남구,용호삼성시장,1,0
부산남구,용호시장,1,1
부산남구,우암골목시장,1,1
인천남동구,간석자유시장,1,1
부산동구,부산남문시장,1,1
부산동구,부산진시장,1,1
부산동구,성북시장,1,1
부산동구,수정시장,1,1
부산동구,수정전통시장,1,1
부산동구,초량상가시장,1,1
부산동구,초량전통시장,1,1
부산동구,범일골목시장,1,1
부산동래구,금강시장,1,1
부산동래구,금성상가시장,1,1
부산동래구,동래시장,1,1
부산동래구,명장시장,1,1
부산동래구,사직시장,1,1
부산동래구,서원시장,1,1
부산동래구,수안인정시장,1,1
부산동래구,안락상가시장,1,1
부산동래구,온천인정시장,1,1
부산동래구,충렬상가시장,1,1
부산동래구,금정상가시장,1,1
부산동래구,(주)신정시장,1,1
부산부산진구,가야벽산상가,1,1
부산부산진구,개금골목시장,1,1
부산부산진구,개금큰시장,1,1
부산부산진구,골드테마거리,1,1
부산부산진구,국제상가,1,1
부산부산진구,당감골목시장,1,1
부산부산진구,당감새시장,1,1
부산부산진구,당감시장,1,1
부산부산진구,동평새시장,1,1
부산부산진구,부산전자종합시장,0,1
부산부산진구,부산평화시장,1,1
부산부산진구,부전기장골목시장,1,1
부산부산진구,부전농수산물새벽시장,1,1
부산부산진구,부전상가,1,1
부산부산진구,부전시장,1,1
부산부산진구,부전인삼시장,1,1
부산부산진구,서면시장,1,1
부산부산진구,서면종합시장,1,1
부산부산진구,서면중앙시장,1,1
부산부산진구,성곡종합시장,1,1
부산부산진구,양정시장,1,1
부산부산진구,연지시장,1,1
부산부산진구,전포놀이터시장,1,1
부산부산진구,초읍시장,1,1
부산북구,구포축산물도매시장,1,1
부산북구,덕천시장,1,1
부산북구,만덕2동제일상가시장,1,1
부산북구,만덕시장,1,1
부산사상구,감전시장,1,1
부산사상구,구덕대림상가,1,1
부산사상구,르네시떼시장,1,1
부산사상구,모라전통시장,1,1
부산사상구,복이있는덕포시장,1,1
부산사상구,부산산업용재유통상가,1,1
부산사상구,부산산업용품상협동조합,1,1
부산사상구,부산새벽시장,1,1
부산사상구,사상시장,1,1
부산사상구,영해종합시장,1,1
부산사상구,우신종합상가,1,1
부산사상구,주례럭키종합상가,1,1
부산사상구,주례현대무지개상가,1,1
부산사상구,학장반도보라상가,1,1
부산사상구,부산광역시건축자재판매협동조합,1,1
부산사하구,가락타운상가시장,1,1
부산사하구,감천2동시장,1,1
부산사하구,감천시장,1,1
부산사하구,괴정골목시장,0,0
부산사하구,다대씨-파크,1,1
부산사하구,당리시장,1,1
부산사하구,사하시장,1,1
부산사하구,신평골목시장,1,1
부산사하구,신평종합시장,1,1
부산사하구,에덴골목시장,1,1
부산사하구,에덴시장,1,1
부산사하구,장림골목시장,1,1
부산사하구,장림시장,1,1
부산사하구,하단시장,1,1
부산사하구,하단오일상설시장,1,1
부산서구,대신시장,1,1
부산서구,동대신1동골목시장,1,1
부산서구,서대신1동골목시장,1,1
부산서구,서대신동골목시장,0,1
부산서구,송남시장,1,1
부산서구,아미시장,1,1
부산서구,충무동골목시장,1,1
부산서구,충무동새벽시장,1,1
부산서구,충무동해안시장,1,1
부산수영구,광안시장,1,1
부산수영구,광안어패류시장,1,1
부산수영구,광안종합시장,1,1
부산수영구,남천해변시장,1,1
부산수영구,망미삼성상가시장,1,1
부산수영구,망미새상가시장,1,1
부산수영구,망미종합시장,1,1
부산수영구,망미중앙시장,0,1
부산수영구,민락골목시장,1,1
부산수영구,민락씨랜드시장,1,1
부산수영구,민락어패류시장,1,1
부산수영구,민락회타운시장,1,1
부산수영구,삼익비치A상가시장,1,1
부산수영구,삼익비치B상가시장,1,1
부산수영구,세흥시장,1,1
부산수영구,수영팔도시장,1,1
부산수영구,현대종합상가시장,1,1
부산연제구,거성시장,1,1
부산연제구,거제시장,1,1
부산연제구,연동시장,1,1
부산연제구,연미새시장,1,1
부산연제구,연일시장,1,1
부산연제구,연천시장,1,1
부산연제구,영남종합시장,1,1
부산영도구,남항시장,1,1
부산영도구,영도봉래시장,1,1
부산영도구,청학시장,1,1
부산중구,남포동건어물도매시장,1,1
부산중구,국제시장,1,1
부산중구,만물의거리시장,1,1
부산중구,보수동책방골목,1,1
부산중구,보수종합시장,1,1
부산중구,부산데파트,1,1
부산중구,부산자갈밭시장,1,1
부산중구,부평깡통시장,1,1
부산중구,새영주시장,1,1
부산중구,신동아수산물종합시장,1,1
부산중구,신창상가,1,1
부산중구,신천지시장,1,1
부산중구,아리랑거리,1,1
부산중구,영주시장,1,1
부산중구,월드밸리,1,1
부산중구,자갈치시장,1,1
부산중구,창선상가,1,1
부산해운대구,반송큰시장(반송2동시장),0,1
부산해운대구,반송골목시장,1,1
부산해운대구,반여2동상가시장,1,1
부산해운대구,반여3동골목시장,1,1
부산해운대구,반여시장,1,1
부산해운대구,우동종합상가시장,1,1
부산해운대구,우일시장,1,1
부산해운대구,재송시장,1,1
부산해운대구,재송한마음시장,1,1
부산해운대구,좌동재래시장,1,1
부산해운대구,해운대시장,1,1
대구남구,관문상가시장,1,1
대구남구,관문시장,1,1
대구남구,광덕시장,1,1
대구남구,남부시장,1,1
대구남구,대명신시장,1,1
대구남구,대명중앙시장,1,1
대구남구,명덕시장,1,1
대구남구,봉덕시장,1,1
대구남구,봉덕신시장,1,1
대구남구,성당시장,1,1
대구남구,안지랑시장,1,1
대구남구,영선신시장,1,1
대구달서구,달서송림시장,1,1
대구달서구,달서시장,1,1
대구달서구,대곡시장,1,1
대구달서구,대구대동시장,1,1
대구달서구,대구예전우시장,1,1
대구달서구,도원시장,1,1
대구달서구,두류종합시장,1,1
대구달서구,보성은하상가,1,1
대구달서구,상원시장,1,1
대구달서구,상인영남상가,1,1
대구달서구,서남시장,1,1
대구달서구,서남신시장,1,1
대구달서구,서대구시장,1,1
대구달서구,성서보성화성상가,1,1
대구달서구,송경종합시장,1,1
대구달서구,송현주공시장,1,1
대구달서구,신내당시장,1,1
대구달서구,와룡시장,1,1
대구달서구,성서용산시장,1,1
대구달서구,용산종합큰시장,1,1
대구달서구,월배시장,1,1
대구달서구,월배신시장,1,1
대구달서구,월성청구시장,1,1
대구달서구,두류신시장,1,1
대구달성군,논공중앙시장,1,1
대구달성군,현풍백년도깨비시장,1,1
대구달성군,화원시장,1,1
대구동구,공항시장,1,1
대구동구,동구시장,1,1
대구동구,동대구역전시장,1,1
대구동구,동서시장,1,1
대구동구,목련시장,1,1
대구동구,반야월종합시장,1,1
대구동구,방촌시장,1,1
대구동구,불로전통시장,1,1
대구동구,송라시장,1,1
대구동구,평화시장,1,1
대구북구,대구능금시장,1,1
대구북구,대구청과시장,1,1
대구북구,동대구시장,1,1
대구북구,동대구신시장,1,1
대구북구,산격종합시장,1,1
대구북구,삼성시장,1,1
대구북구,서변중앙시장,1,1
대구북구,중앙시장,1,1
대구북구,칠곡시장,1,1
대구북구,칠성시장,1,1
대구북구,칠성진시장,1,1
대구북구,팔달신시장,1,1
대구북구,산업용재관,1,1
대구북구,섬유제품관,1,1
대구북구,전기재료관,1,1
대구북구,전기조명관,1,1
대구북구,전자관,1,1
대구북구,전자상가,1,1
대구북구,칠성본시장,1,1
대구북구,칠성전자주방시장,1,1
대구서구,구평리시장,1,1
대구서구,대평리시장,1,1
대구서구,새길시장,1,1
대구서구,서구시장,1,1
대구서구,서부시장,1,1
대구서구,신평리시장,1,0
대구서구,원고개시장,1,1
대구서구,원대신시장,1,1
대구서구,이현시장,1,1
대구서구,중평시장,1,1
대구수성구,동성시장,1,1
대구수성구,수성시장,1,1
대구수성구,신매시장,0,1
대구수성구,지산목련시장(지산종합시장),1,1
대구수성구,청구시장,1,1
대구수성구,태백시장,1,1
대구수성구,황금시장,1,1
대구중구,교동시장,1,1
대구중구,남문시장,1,1
대구중구,동산상가,1,1
대구중구,명품프라자상가,1,1
대구중구,방천시장,1,1
대구중구,번개시장,1,1
대구중구,서문시장2지구종합상가,1,1
대구중구,서문시장5지구,1,1
대구중구,서문시장건해산물상가,1,1
대구중구,서문시장제1지구직물시장,1,1
대구중구,서문시장제1지구포목시장,1,1
대구중구,약령시장,1,1
대구중구,염매시장,1,1
대구중구,서문시장4지구종합대체상가(베네시움),1,1
인천강화군,강화중앙시장(a동b동),1,1
인천강화군,강화터미널상가,1,1
인천강화군,강화풍물시장,1,1
인천계양구,계산시장,1,1
인천계양구,계양산전통시장,0,0
인천계양구,작전시장,1,1
인천미추홀구,석바위시장,0,0
인천미추홀구,신기시장,1,1
인천미추홀구,용현시장,0,1
인천미추홀구,인천남부종합시장,1,1
인천미추홀구,인천용남시장,1,1
인천미추홀구,제일시장,1,1
인천미추홀구,토지금고시장,0,1
인천미추홀구,학익시장,1,1
경기파주시,문산자유시장,1,1
인천남동구,구월도매전통시장,1,1
인천남동구,구월시장,1,1
인천남동구,만수시장,1,1
인천남동구,인천모래내전통시장,0,1
인천남동구,장승백이전통시장,1,1
인천동구,동부시장,1,1
인천동구,송림공구상가,1,1
인천동구,송현시장,0,1
인천동구,인천산업유통사업협동조합,1,1
인천동구,중앙시장,1,1
인천동구,현대시장,0,1
인천부평구,부개종합시장,1,1
인천부평구,일신시장(부일종합시장),1,1
인천부평구,부평깡시장,0,1
인천부평구,부평문화의거리,1,1
인천부평구,부평종합시장,1,1
인천부평구,십정종합시장,1,1
인천부평구,진흥종합시장,1,1
인천서구,가좌시장,1,1
인천서구,신거북시장,1,1
인천서구,인천강남시장,1,1
인천서구,인천축산물시장,1,1
인천서구,정서진중앙시장,1,1
인천연수구,연수구옥련시장,1,1
인천연수구,연수송도역전시장,1,1
인천중구,신포시장,1,1
인천중구,신흥시장,1,1
인천중구,인천종합어시장,1,1
광주광산구,1913송정역시장(송정역전매일시장),1,1
광주광산구,뉴밀레니엄시장,1,1
광주광산구,비아5일시장,1,1
광주광산구,송정5일시장,1,1
광주광산구,송정매일시장,1,1
광주광산구,우산매일시장,1,1
광주광산구,월곡시장,1,1
광주남구,무등시장,1,1
광주동구,남광주시장,1,1
광주동구,남광주해뜨는시장,0,1
광주동구,대인시장,1,1
광주북구,동부시장,1,1
광주북구,두암시장,1,1
광주북구,말바우시장,1,1
광주북구,운암시장,1,1
광주서구,광주양동시장,1,1
광주서구,양동건어물시장,0,1
광주서구,양동경열로시장,1,1
광주서구,양동닭전길시장,1,1
광주서구,양동복개상가,1,1
광주서구,양동산업용품시장,1,1
광주서구,양동수산전통시장,1,1
광주서구,화정동서부시장,1,1
대전대덕구,법동시장,1,1
대전대덕구,송촌시장,1,1
대전대덕구,신탄진시장,1,1
대전대덕구,중리시장,1,1
대전동구,가양시장,1,1
대전동구,대전도매시장,1,1
대전동구,대전상가시장,1,1
대전동구,신도시장,1,1
대전동구,신중앙시장,1,1
대전동구,용운시장,1,1
대전동구,원동국제시장,1,1
대전동구,인동시장,1,1
대전동구,자유도매시장,1,1
대전동구,전통중앙도매상가,1,1
대전동구,중앙도매시장,1,1
대전동구,중앙메가프라자,1,1
대전동구,중앙상가시장,1,1
대전동구,중앙종합시장,1,1
대전서구,도마큰시장,1,1
대전서구,한민시장,1,1
대전유성구,송강시장,1,1
대전유성구,유성시장,1,1
대전중구,문창전통시장,1,1
대전중구,부사전통시장,1,1
대전중구,산성전통시장,1,1
대전중구,오류전통시장,1,1
대전중구,태평전통시장,1,1
울산남구,(주)신정시장,1,1
울산남구,(주)야음시장,1,1
울산남구,수암상가시장,1,1
울산남구,수암종합시장,1,1
울산남구,신정상가시장,0,1
울산남구,신정평화시장,1,1
울산남구,야음상가시장,1,1
울산남구,울산번개시장,1,1
울산남구,울산산업공구월드,1,1
울산동구,남목전통시장,1,1
울산동구,대송농수산물시장,1,1
울산동구,동울산종합시장,1,1
울산동구,월봉시장,1,1
울산북구,신전시장(염포시장),1,1
울산북구,코끼리시장,1,1
울산북구,호계공설시장,1,1
울산북구,화봉시장(화봉종합시장),1,1
울산울주군,곡천공설시장,1,1
울산울주군,남창옹기종기시장,1,1
울산울주군,덕신1차시장,1,1
울산울주군,덕신2차시장,1,1
울산울주군,덕하시장(덕하공설시장),1,1
울산울주군,봉계공설시장,1,1
울산울주군,언양공설시장,1,1
울산울주군,언양종합상가시장,1,1
울산중구,구역전시장,1,1
울산중구,구역전전통시장,1,1
울산중구,반구시장,1,1
울산중구,병영시장,1,1
울산중구,서동시장,1,1
울산중구,선우시장,1,1
울산중구,성남프라자,1,1
울산중구,신울산종합시장,1,1
울산중구,옥골시장,1,1
울산중구,울산시장,1,1
울산중구,중앙전통시장,1,1
울산중구,태화종합시장,0,0
울산중구,학성새벽시장,0,1
울산중구,우정전통시장,1,1
경기가평군,가평잣고을전통시장,1,1
경기가평군,가평정기5일시장,1,1
경기가평군,미원정기5일시장,1,1
경기가평군,청평5일시장,1,1
경기가평군,현리정기5일시장,1,1
경기고양시,능곡전통시장,1,1
경기고양시,덕이동패션1번지,1,1
경기고양시,원당전통시장,0,1
경기고양시,일산전통시장,1,1
경기과천시,과천새서울프라자시장,1,1
경기과천시,제일쇼핑시장,1,1
경기광명시,광명새마을시장,1,1
경기광명시,광명전통시장,0,1
경기광주시,경안시장,1,1
경기구리시,구리전통시장,1,0
경기군포시,군포역전시장,1,1
경기군포시,산본시장,0,1
경기김포시,김포5일장,1,1
경기김포시,양곡5일장,1,1
경기김포시,양곡시장,1,1
경기김포시,양곡오라니장터시장,1,1
경기김포시,통진5일장(마송5일장),1,1
경기김포시,통진시장,1,1
경기김포시,하성5일장,1,1
경기남양주시,마석5일장,1,1
경기남양주시,장현5일장,1,1
경기남양주시,남양주장현 전통시장,1,1
경기동두천시,동두천제일시장,1,1
경기동두천시,동두천큰시장,0,1
경기동두천시,세아프라자상가,1,1
경기동두천시,중앙시장,1,1
경기부천시,강남시장,1,1
경기부천시,고리울동굴시장,1,1
경기부천시,부천상동시장,1,1
부산동구,부산자유시장,1,1
경기부천시,부천제일시장,1,1
경기부천시,중동사랑시장(부천중동시장),1,0
경기부천시,부천한신시장,1,1
경기부천시,소사종합시장,1,1
경기부천시,신흥시장,1,1
경기부천시,역곡남부시장,1,1
경기부천시,역곡상상시장(역곡북부시장),1,1
경기부천시,오정시장,1,1
경기부천시,원미종합시장,1,1
경기부천시,원종종합시장,1,1
경기부천시,원종중앙시장,1,1
경기부천시,조공시장,1,1
경기성남시,금광시장,1,1
경기성남시,금호시장,1,1
경기성남시,단대전통시장,0,1
경기성남시,돌고래시장,1,1
경기성남시,동신종합시장,1,1
경기성남시,모란민속5일장,1,1
경기성남시,모란종합시장,1,1
경기성남시,미래그린시장,1,1
경기성남시,미래타운제2종합시장,1,1
경기성남시,분당우성시장,1,1
경기성남시,상대원시장,1,1
경기성남시,성남남한산성시장(은행골목시장),1,1
경기성남시,성호시장,1,1
경기성남시,은행시장,1,1
경기성남시,코끼리시장,1,1
경기성남시,코코프라자시장,1,1
경기성남시,하대원공설시장,1,1
경기성남시,현대시장,1,1
경기성남시,현대시장(분당),1,1
경기성남시,모란가축시장,1,1
경기성남시,미금현대벤처빌시장,1,1
경기성남시,범한프라자시장,1,1
경기성남시,청구문화시장,1,1
경기수원시,구매탄시장,1,1
경기수원시,구천동공구상가,1,1
경기수원시,권선종합시장,1,1
경기수원시,남문로데오시장,1,1
경기수원시,남문패션1번가시장,1,1
경기수원시,매산시장,1,1
경기수원시,못골종합시장,1,1
경기수원시,미나리광시장,0,1
경기수원시,북수원시장,0,1
경기수원시,시민상가시장,1,1
경기수원시,역전시장,1,1
경기수원시,연무시장,1,1
경기수원시,영동시장,1,1
경기수원시,장안문거북시장,1,1
경기수원시,정자시장,1,1
경기수원시,조원시장,1,1
경기수원시,지동시장,1,1
경기수원시,팔달문시장,1,1
경기수원시,화서시장,1,1
경기시흥시,시흥삼미시장,1,1
경기시흥시,정왕시장,1,1
경기시흥시,도일시장,1,1
경기안산시,스타프라자전통시장,1,1
경기안산시,신안코아,1,1
경기안산시,신안프라자전통시장,1,1
경기안산시,안산시시민시장,1,1
경기안산시,월드프라자,1,1
경기안성시,안성맞춤시장,1,1
경기안성시,일죽시장,1,1
경기안성시,죽산시장,1,1
경기안성시,중앙시장,1,1
경기안양시,박달시장,1,1
경기안양시,석수시장,1,1
경기안양시,안양관양시장,1,1
경기안양시,안양남부시장,1,1
경기안양시,안양중앙인정시장,1,1
경기안양시,안양호계종합시장,1,1
경기안양시,중앙시장,1,1
경기양평군,양수리전통시장(양평양수리시장),1,1
경기양평군,양평물맑은시장,1,1
경기양평군,용문천년시장,1,1
경기여주시,가남시장,1,1
경기연천군,전곡5일장,1,1
경기연천군,전곡재래시장,1,1
경기오산시,오색시장,0,1
경기용인시,백암5일장,1,1
경기용인시,용인중앙시장,1,1
경기용인시,죽전로데오상점가전통시장,1,1
경기의왕시,부곡도깨비시장,1,1
경기의정부시,의정부제일시장,0,1
경기의정부시,의정부청과야채시장,1,1
경기이천시,관고전통시장,1,1
경기이천시,사기막골도자기시장,1,1
경기이천시,장호원전통시장,1,1
경기파주시,광탄시장,1,1
경기파주시,금촌명동로시장,1,1
경기파주시,금촌문화로시장,1,1
경기파주시,금촌전통시장,1,1
경기부천시,부천자유시장,1,1
경기파주시,적성전통시장,1,1
경기평택시,서정리시장,1,1
경기평택시,송탄시장,1,1
경기평택시,안중시장,1,1
경기평택시,중앙시장,1,1
경기평택시,통복시장,1,1
경기포천시,신읍5일장,1,1
경기포천시,운천전통시장,1,1
경기포천시,일동전통시장,1,1
경기하남시,덕풍전통시장,1,1
경기하남시,신장전통시장,0,0
경기화성시,남양시장,1,1
경기화성시,발안시장,1,1
경기화성시,사강시장,1,1
경기화성시,조암시장,1,1
강원강릉시,강릉동부시장,1,1
강원강릉시,강릉서부시장,1,1
강원강릉시,강릉성남시장,1,1
강원강릉시,주문진건어물시장,1,1
강원강릉시,주문진수산시장,1,1
강원강릉시,주문진종합시장,1,1
강원강릉시,중앙시장,1,1
강원고성군,간성시장(천년고성시장),1,1
강원고성군,거진시장,1,1
강원동해시,동쪽바다중앙시장,1,1
강원동해시,동해남부재래시장,1,1
강원동해시,묵호시장,1,1
강원동해시,북평민속시장,1,1
강원삼척시,삼척번개시장,1,1
강원삼척시,삼척중앙시장,1,1
강원속초시,속초종합중앙시장,1,1
강원속초시,속초중앙전통시장(속초관광수산시장),1,1
강원양구군,양구중앙시장,1,1
강원양양군,양양전통시장,1,1
강원영월군,서부공설시장,1,1
강원영월군,영월덕포5일장,1,1
강원영월군,서부아침시장,1,1
강원영월군,영월중앙시장,1,1
강원원주시,문막시장,1,1
강원원주시,미로예술원주중앙시장(원주중앙시장),1,1
강원원주시,민속풍물시장,1,1
강원원주시,북원상가시장,1,1
강원원주시,원주남부시장,0,1
인천동구,송현자유시장,1,1
강원원주시,중앙시민전통시장,1,1
강원인제군,기린면5일장,1,1
강원인제군,원통시장,1,1
강원인제군,인제시장,1,1
강원정선군,고한구공탄시장(고한시장),1,1
강원정선군,임계사통팔달시장,1,1
강원정선군,정선사북시장,1,1
강원정선군,정선아리랑시장,1,1
강원철원군,동송시장,1,1
강원철원군,동송전통시장,1,1
강원철원군,신철원시장,1,1
강원철원군,와수시장,1,1
강원춘천시,제일종합시장,1,1
강원춘천시,춘천남부시장,1,1
강원춘천시,춘천동부시장,1,1
강원춘천시,춘천번개시장,1,1
강원춘천시,춘천서부시장,1,1
강원춘천시,춘천중앙시장,1,1
강원춘천시,춘천풍물시장,1,1
강원춘천시,춘천후평시장,1,1
강원태백시,장성중앙시장,1,1
강원원주시,자유시장,1,1
강원평창군,봉평전통시장(봉평시장),1,1
강원평창군,진부전통시장,1,1
강원평창군,평창대화시장,1,1
강원평창군,평창올림픽시장(평창전통시장),1,1
강원홍천군,홍천시장,1,1
강원홍천군,홍천중앙시장,1,1
강원화천군,사내5일장,1,1
강원화천군,화천5일장,1,1
강원화천군,화천재래시장,0,1
강원횡성군,횡성시장,1,1
충북괴산군,괴산전통시장,0,1
충북괴산군,목도재래시장,1,1
충북괴산군,청천전통시장,1,1
충북단양군,단양구경시장(단양인정시장),0,1
충북단양군,매포전통시장(매포재래시장),1,1
충북단양군,영춘전통시장(영춘재래시장),1,1
충북보은군,마로관기시장(관기재래시장),1,1
충북보은군,보은전통시장,0,0
충북보은군,결초보은시장(구 보은종합시장),0,1
충북영동군,영동전통시장,0,1
충북영동군,영동중앙시장,1,1
충북옥천군,옥천공설시장,1,1
충북옥천군,옥천상가,1,1
충북음성군,감곡시장,1,0
충북음성군,대소시장,1,1
충북음성군,삼성시장,1,1
충북음성군,무극시장,0,1
충북음성군,음성시장,1,1
충북제천시,내토전통시장,0,0
충북제천시,덕산면전통시장,1,1
충북제천시,동문전통시장,1,1
충북제천시,박달재전통시장,1,1
충북제천시,제천약초시장,1,1
충북제천시,제천역전한마음시장,0,1
충북제천시,제천중앙시장,1,1
충북증평군,증평장뜰재래시장,1,1
충북진천군,운수대통! 생거진천전통시장,0,1
충북진천군,진천중앙시장,1,1
충북청주시,가경터미널시장,1,1
충북청주시,밤고개자연시장(구 내덕자연시장),1,1
충북청주시,내수전통시장,1,1
충북청주시,문의전통시장(문의재래시장),1,1
충북청주시,미원전통시장(미원재래시장),1,1
충북청주시,복대가경시장,1,1
충북청주시,북부시장,0,1
충북청주시,사직시장,1,1
충북청주시,서문시장,1,1
충북청주시,오창전통시장,1,1
충북청주시,옥산전통시장(옥산재래시장),1,1
충북청주시,원마루시장,1,1
충북청주시,육거리종합시장,1,1
충북청주시,중앙시장,1,1
충북청주시,직지시장,1,1
충북청주시,청주두꺼비시장(구수곡시장),0,1
충북청주시,청주사창시장,1,1
충북충주시,관아골상가,1,1
충북충주시,농산물종합시장(중앙청과시장),1,1
충북충주시,목행시장,1,1
충북충주시,무학시장,0,1
충북충주시,연수상가,1,1
충북충주시,연원시장,1,1
충북충주시,중앙어울림시장,1,1
충북충주시,충주옹달샘시장,1,1
전남목포시,자유시장,1,1
충북충주시,성서 문화의 거리 상점가,1,1
충남공주시,공주산성시장,1,1
충남공주시,산성시장활성화구역,1,1
충남공주시,유구시장,1,1
충남금산군,금산국제인삼시장(금산인삼국제시장),1,1
충남금산군,금산수삼센타,0,0
충남금산군,금산금빛시장(금산시장),0,1
충남금산군,금산약초시장,1,1
충남금산군,금산인삼쇼핑센타,1,1
충남금산군,금산인삼전통시장,1,1
충남금산군,마전시장,1,1
충남금산군,중부프라자,1,1
충남논산시,강경대흥시장,1,1
충남논산시,강경젓갈시장,1,1
충남논산시,연무안심시장,1,1
충남논산시,연산전통시장,1,1
충남논산시,화지중앙시장,1,1
충남당진시,당진전통시장,1,1
충남당진시,합덕전통시장,1,1
충남보령시,동부시장,1,1
충남보령시,보령중앙시장,0,0
충남보령시,보령한내시장,1,1
충남보령시,웅천시장,1,1
충남보령시,현대시장(현대상가시장),1,1
충남부여군,부여시장,1,1
충남부여군,부여중앙시장,1,1
충남부여군,외산시장,1,1
충남부여군,은산시장,1,1
충남부여군,홍산시장,1,1
충남서산시,대산종합시장,1,1
충남서산시,서산동부전통시장(동부시장),1,1
충남서산시,해미시장,1,1
충남서산시,해미종합시장,1,1
충남서천군,비인전통시장(비인시장),1,1
충남서천군,서천특화시장,1,1
충남서천군,장항전통시장,1,1
충남서천군,판교전통시장(판교시장),1,1
충남서천군,한산전통시장(한산시장),1,1
충남아산시,둔포전통시장(둔포시장),1,1
충남아산시,온양온천시장(온양전통시장),1,1
충남아산시,온양온천역풍물5일장,1,1
충남예산군,고덕시장,1,1
충남예산군,덕산시장,1,1
충남예산군,역전시장,1,1
충남예산군,예산상설시장,1,1
충남예산군,예산시장,1,1
충남천안시,천안중앙시장(구 남산중앙시장),0,0
충남천안시,병천시장,1,1
충남천안시,성정시장,1,1
충남천안시,성환이화시장,1,1
충남천안시,천안역전시장,1,1
충남청양군,구기자약초시장,1,1
충남청양군,정산시장,1,1
충남청양군,청양전통시장,1,1
충남청양군,청양특화시장,1,1
충남태안군,안면도수산시장(안면도장터),1,1
충남태안군,태안서부시장,1,1
충남태안군,태안특산물전통시장,1,1
충남홍성군,갈산정기시장,1,1
충남홍성군,광천전통시장,1,1
충남홍성군,홍성상설시장,1,1
충남홍성군,홍성전통시장,1,1
전북고창군,고창전통시장,1,1
전북고창군,대산전통시장,1,1
전북고창군,무장전통시장,1,1
전북고창군,상하전통시장,1,1
전북고창군,해리전통시장,1,1
전북고창군,흥덕전통시장,1,1
전북군산시,군산공설시장,0,0
전북군산시,군산수산물종합센터,1,1
전북군산시,군산신영시장,1,1
전북군산시,군산주공시장,1,1
전북군산시,대야전통시장,1,1
전북군산시,명산시장,1,0
전북군산시,역전종합시장,1,0
전북김제시,금만시장,1,1
전북김제시,김제전통시장,1,1
전북김제시,역전시장,1,1
전북김제시,원평공설시장(김제원평시장),1,1
전북남원시,남원공설시장,1,1
전북남원시,남원인월시장,1,1
전북남원시,용남시장,0,1
전북무주군,무주시장(반딧불장터),1,1
전북무주군,무풍시장(대덕산장터),1,1
전북무주군,설천시장(삼도봉장터),1,1
전북무주군,안성시장(덕유산장터),0,0
전북부안군,부안상설시장,0,0
전북부안군,줄포시장,1,1
전북순창군,동계시장,1,1
전북순창군,복흥시장,1,1
전북순창군,순창시장,1,1
전북완주군,고산미소시장,1,1
전북완주군,봉동시장,1,1
전북완주군,삼례시장,1,1
전북익산시,매일시장,1,1
전북익산시,북부시장,0,0
전북익산시,익산 구시장,1,1
전북익산시,익산남부시장,1,1
전북익산시,익산장(익산북부장),1,1
전북익산시,함열시장,1,1
전북익산시,황등시장,1,1
전북임실군,강진시장,1,1
전북임실군,관촌시장,1,1
전북임실군,오수시장,1,1
전북임실군,임실시장,1,1
전북장수군,산서시장,1,1
전북장수군,장계시장,1,1
전북장수군,장수시장,0,1
전북전주시,모래내시장(전주),0,1
전북전주시,전주남부시장,0,1
전북전주시,전주신중앙시장(신중앙시장),0,1
전북전주시,전주중앙상가,1,1
전북전주시,서부시장상점가(서부시장 통합),1,1
전북정읍시,샘고을시장,0,1
전북정읍시,신태인시장,1,1
전북정읍시,정읍연지시장(정읍제2시장),1,1
전북진안군,진안고원시장,1,0
전남강진군,강진읍시장,1,1
전남강진군,마량5일시장,1,1
전남강진군,병영5일시장,1,1
전남고흥군,과역전통시장,1,1
전남고흥군,녹동전통시장,1,1
전남고흥군,도화전통시장,1,1
전남고흥군,동강전통시장,1,1
전남곡성군,곡성기차마을전통시장,1,1
전남곡성군,석곡전통시장,1,1
전남곡성군,옥과5일시장,1,1
전남광양시,광양5일시장,1,1
전남광양시,광양매일시장,1,1
전남광양시,광영상설시장,1,1
전남광양시,옥곡5일시장,1,1
전남광양시,중마시장,1,1
전남구례군,구례5일시장,1,1
전남구례군,구례상설시장,1,1
전남구례군,지리산나들이장터,1,1
전남나주시,공산5일시장,1,1
전남나주시,나주목사고을시장,1,1
전남나주시,남평5일시장,1,1
전남나주시,다시5일시장,1,1
전남나주시,세지5일장,1,1
전남나주시,영산포풍물시장,1,1
전남담양군,대전시장,1,1
전남담양군,창평전통시장,1,1
전남목포시,신중앙시장,1,1
경남진주시,자유시장,1,1
전남목포시,중앙먹통시장,1,1
전남목포시,청호시장,1,1
전남목포시,항동시장,1,1
전남무안군,무안전통시장,1,1
전남무안군,일로전통시장,1,1
전남보성군,녹차골보성향토시장(보성읍5일시장),1,1
전남보성군,벌교5일시장,1,1
전남보성군,벌교매일시장,1,1
전남보성군,보성매일시장,1,1
전남보성군,복내5일시장,1,1
전남보성군,예당5일시장,1,1
전남보성군,조성5일시장,1,1
전남순천시,순천시아랫장(순천아랫장),1,1
전남순천시,역전시장,0,0
전남순천시,웃장,1,1
전남신안군,지도시장,1,1
전남여수시,(주)서시장,1,1
전남여수시,교동시장,1,1
전남여수시,도깨비시장,1,1
전남여수시,봉산시장,1,1
전남여수시,쌍봉시장,1,1
전남여수시,여수서시장주변시장,1,1
전남여수시,여수수산물특화시장,1,1
전남여수시,제일시장,1,1
전남여수시,중앙시장,1,1
전남여수시,진남시장,1,1
전남여수시,해안로건어물상가시장,1,1
전남여수시,(주)여수수산시장,1,1
전남영광군,영광고추특화시장,1,1
전남영광군,굴비골영광시장(구 영광매일시장),1,1
전남영광군,영광터미널시장,1,1
전남영암군,구림5일시장,1,1
전남영암군,시종5일시장,1,1
전남영암군,신북5일시장,1,1
전남영암군,영암5일시장,1,1
전남완도군,완도전통시장(구 완도5일시장),1,1
전남완도군,완도중앙시장,1,1
전남장성군,사거리시장,1,1
전남장성군,사창시장,1,1
전남장성군,황룡시장,1,1
전남장흥군,대덕읍전통시장(대덕시장),1,1
전남장흥군,정남진장흥토요시장,1,1
전남장흥군,천관산관광시장,1,1
전남장흥군,회진시장,1,1
전남진도군,임회면십일시장,1,1
전남진도군,진도상설시장,1,1
전남진도군,진도읍조금시장,1,1
전남함평군,월야시장,1,1
전남함평군,해보시장,1,1
전남해남군,남리5일시장,1,1
전남해남군,북평면남창5일시장,1,1
전남해남군,송지산정5일시장,1,1
전남해남군,우수영5일시장,1,1
전남해남군,좌일5일시장,1,1
전남해남군,해남매일시장,1,1
전남해남군,해남읍5일시장,1,1
전남해남군,화원5일시장,1,1
전남화순군,남면전통시장,1,1
전남화순군,능주전통시장,1,1
전남화순군,이양전통시장,1,1
전남화순군,화순전통시장(화순읍전통시장),1,1
경북경산시,경산공설시장,1,1
경북경산시,자인공설시장,1,1
경북경산시,하양공설시장,0,1
경북경주시,감포시장,1,1
경북경주시,경주성동공설시장,1,1
경북경주시,경주중심상가시장,1,1
경북경주시,경주중앙시장,1,1
경북경주시,북부상가시장,1,1
경북경주시,북정로중심상가시장,1,1
경북경주시,불국사상가시장,1,1
경북경주시,불국시장,1,1
경북경주시,서면시장,1,1
경북경주시,안강공설시장,1,1
경북경주시,양남시장,1,1
경북경주시,양북시장,1,1
경북경주시,외동시장,1,1
경북경주시,제2경주중심상가시장,1,1
경북경주시,건천시장,1,1
경북고령군,고령대가야시장,1,1
경북구미시,구미공단종합시장,1,1
경북구미시,구미산업유통단지,1,1
경북구미시,구미새마을중앙시장,1,1
경북구미시,구미종합상가,1,1
경북구미시,구미파크시장,1,1
경북구미시,금오시장,1,1
경북구미시,선산봉황시장,1,1
경북구미시,신평전통시장,1,1
경북구미시,인동시장,1,1
경북구미시,장천시장,1,1
경북구미시,제일시장상가,1,1
경북구미시,종합제일시장,1,1
경북구미시,해평공설시장,1,1
경북구미시,현대유통쇼핑센타,1,1
경북구미시,형곡시장프라자,1,1
경북구미시,형곡중앙시장,1,1
경북군위군,군위전통시장,1,1
경북군위군,의흥시장,1,1
경북김천시,평화시장,1,1
경북김천시,황금시장,1,1
경북문경시,(유)문경시중앙시장,1,1
경북문경시,가은아자개시장,1,1
경북문경시,문경전통시장,1,1
경북문경시,점촌전통시장(구 신흥시장),1,1
경북문경시,문경중앙시장,0,0
경북봉화군,봉화상설시장,1,1
경북봉화군,봉화춘양시장(춘양시장),1,1
경북상주시,상주중앙시장,1,1
경북상주시,은척시장,1,1
경북상주시,풍물시장,1,1
경북상주시,함창시장,1,1
경북상주시,화령시장,1,1
경북성주군,성주시장,1,1
경북안동시,구담공설시장,1,1
경북안동시,안동구시장,0,1
경북안동시,용상공설시장,1,1
경북안동시,중앙신시장,0,1
경북안동시,풍산공설시장,1,1
경북안동시,북문시장,1,1
경북영덕군,강구시장,1,1
경북영덕군,남정시장,1,1
경북영덕군,영덕시장,1,1
경북영덕군,영해만세시장,1,1
경북영양군,영양시장,0,1
경북영주시,선비골전통시장,1,1
경북영주시,신영주번개시장,1,1
경북영주시,영주골목시장,0,1
경북영주시,영주공설시장,1,1
경북영주시,영주문화시장,1,1
경북영주시,영주소백쇼핑몰,1,1
경북영주시,영주종합시장,1,1
경북영주시,영주중앙시장,1,1
경북영주시,풍기인삼시장,1,1
경북영주시,풍기중앙시장,1,1
경북영주시,풍기토종인삼시장,1,1
경북영주시,후생시장,1,1
경북영천시,금호공설시장,1,1
경북영천시,신녕공설시장,1,1
경북영천시,영천공설시장,0,1
경북예천군,예천맛고을시장,1,1
경북예천군,예천상설시장,0,1
경북예천군,예천중앙시장,1,1
경북예천군,용궁시장,1,1
경북예천군,풍양시장,1,1
경북울진군,울진시장,0,1
경북울진군,죽변시장,1,1
경북울진군,척산시장,1,1
경북울진군,평해시장,1,1
경북울진군,후포시장,1,1
경북울진군,흥부시장,1,1
경북울진군,매화시장,1,1
경북의성군,금성시장,1,1
경북의성군,다인정기시장,1,1
경북의성군,단촌정기시장,1,1
경북의성군,봉양시장,1,1
경북의성군,안계공설시장,1,1
경북의성군,의성공설재래시장,1,1
경북의성군,의성염매시장,1,1
경북청도군,동곡공설시장,1,1
경북청도군,이서공설시장,1,1
경북청도군,청도공설시장,1,1
경북청도군,풍각공설시장,1,1
경북청송군,도평시장,1,1
경북청송군,부남시장,1,1
경북청송군,진보시장,0,1
경북청송군,청송시장,1,1
경북청송군,화목시장,1,1
경북청송군,안덕시장,1,1
경북칠곡군,왜관시장,1,1
경북포항시,구룡포시장,1,1
경북포항시,그린종합시장,1,1
경북포항시,남부시장,1,1
경북포항시,대해불빛시장,1,1
경북포항시,두호1시장,1,1
경북포항시,삼경시장,1,1
경북포항시,상대종합시장,1,1
경북포항시,양학시장,1,1
경북포항시,연일전통시장,1,1
경북포항시,영남시장,1,1
경북포항시,영일대북부시장,0,1
경북포항시,오천대영시장,1,1
경북포항시,오천삼광시장,1,1
경북포항시,오천시장,1,1
경북포항시,오천용덕시장,1,1
경북포항시,오천제일상가시장,1,1
경북포항시,오천중앙시장,1,1
경북포항시,이동시장,1,1
경북포항시,장량성도시장,1,1
경북포항시,장량시장,1,1
경북포항시,죽도농산물시장,1,1
경북포항시,죽도시장,1,1
경북포항시,죽도어시장,1,1
경북포항시,죽도종합상가,1,1
경북포항시,중앙상가,1,1
경북포항시,청하시장,1,1
경북포항시,칠성시장,1,1
경북포항시,큰동해시장,0,0
경북포항시,포항운하송림시장,1,1
경북포항시,한라종합시장,1,1
경북포항시,항구시장,1,1
경북포항시,해도5(형산)시장,1,1
경북포항시,해변종합큰상가,1,1
경북포항시,효자시장,0,1
경북포항시,흥해시장,1,1
경남거제시,거제고현시장,1,1
경남거제시,신부시장,1,1
경남거제시,옥수동새시장,1,1
경남거제시,옥수시장,1,1
경남거제시,옥포국제시장,1,1
경남거제시,옥포중앙시장,1,1
경남거제시,옥현상가,1,1
경남거제시,장평종합시장,1,1
경남거제시,한라프라자,1,1
경남거제시,회원프라자,1,1
경남거창군,가조공설시장,1,1
경남거창군,거창시장,1,1
경남고성군,고성공룡시장,1,1
경남고성군,배둔시장,1,1
경남김해시,김해전통시장(김해동상시장),1,1
경남김해시,삼방시장,1,1
경남김해시,외동전통시장,1,1
경남김해시,장유전통시장(장유중앙시장),1,1
경남김해시,진례전통시장,1,1
경남김해시,진영전통시장,1,1
경남남해군,남면공설시장,1,1
경남남해군,남해전통시장,1,1
경남남해군,이동시장(이동공설시장),1,1
경남남해군,지족공설시장,1,1
경남밀양시,내일전통시장,1,1
경남밀양시,무안시장(무안임시시장),1,1
경남밀양시,밀양아리랑시장,1,1
경남밀양시,송백시장,1,1
경남밀양시,송지시장,1,1
경남밀양시,수산시장,1,1
경남사천시,곤양종합시장,1,1
경남사천시,사천읍시장,1,1
경남사천시,삼천포용궁수산시장,1,1
경남사천시,삼천포종합시장,1,1
경남사천시,삼천포중앙시장,1,1
경남사천시,완사시장,1,1
경남산청군,단계시장,1,1
경남산청군,단성시장,1,1
경남산청군,덕산시장,1,1
경남산청군,산청시장,1,1
경남산청군,생초시장,1,1
경남양산시,덕계종합상설시장,1,1
경남양산시,서창시장,1,1
경남양산시,신평시장,1,1
경남양산시,양산남부시장,1,1
경남양산시,양산남부시장상가,1,1
경남양산시,양산북부시장,1,1
경남의령군,신반시장,1,1
경남의령군,의령시장,1,1
경남진주시,금곡시장,1,1
경남진주시,대곡시장,1,1
경남진주시,동부종합상가,1,1
경남진주시,문산시장,1,1
경남진주시,이현종합상가,1,1
경남진주시,일반성상가(일반성시장),1,1
충북충주시,충주자유시장,0,1
경남진주시,진주동성상가,1,1
경남진주시,진주논개시장,0,1
경남진주시,진주중앙시장,1,1
경남진주시,천전시장,1,1
경남진주시,평거한보하이타운,1,1
경남창녕군,남지시장,1,1
경남창녕군,대합정기시장,1,1
경남창녕군,영산시장,1,1
경남창녕군,이방정기시장,1,1
경남창녕군,창녕상설시장,1,1
경남창녕군,창녕시장,1,1
경남창원시,가술시장(대산가술시장(5일장)),1,1
경남창원시,가음정대상가,1,1
경남창원시,가음정시장,1,1
경남창원시,경민인터빌상가,1,1
경남창원시,경창상가,1,1
경남창원시,경화시장,1,1
경남창원시,구암시장,1,1
경남창원시,기산프라자,1,1
경남창원시,대동그린코아상가,1,1
경남창원시,대동씨코아상가시장,1,1
경남창원시,대동중앙상가,1,1
경남창원시,대동훼미리코아상가,1,1
경남창원시,대방덕산1차상가,1,1
경남창원시,동마산시장,1,1
경남창원시,동성올림픽타운,1,1
경남창원시,롯데종합상가,1,1
경남창원시,마산수산시장,0,1
경남창원시,마산어시장,1,1
경남창원시,마산역번개시장,1,1
경남창원시,명곡종합상가,1,1
경남창원시,명서시장,1,1
경남창원시,반송시장,1,1
경남창원시,봉곡민속체험시장(봉곡시장),1,1
경남창원시,봉곡프라자상가,1,1
경남창원시,부림상시장,1,1
경남창원시,부림시장,1,1
경남창원시,북마산가구시장,1,1
경남창원시,북마산중앙시장,1,1
경남창원시,사파동성종합상가,1,1
경남창원시,산호시장,1,1
경남창원시,상남시장,1,1
경남창원시,서마산시장,1,1
경남창원시,석전시장,1,1
경남창원시,성원3차상가,1,1
경남창원시,성원그랜드쇼핑상가,1,1
경남창원시,소계시장,1,1
경남창원시,소계옛길시장,1,1
경남창원시,소답시장,1,1
경남창원시,신마산반월시장(반월시장),1,1
경남창원시,신마산시장,1,1
경남창원시,신촌시장(북면신촌시장(5일장)),1,1
경남창원시,양곡종합상가,1,1
경남창원시,양덕중앙시장,1,1
경남창원시,역전통합시장,1,1
경남창원시,웅천시장,1,1
경남창원시,월영대시장,1,1
경남창원시,유신종합상가,1,1
경남창원시,정우새어시장,1,1
경남창원시,중앙시장(창원중앙시장),1,1
경남창원시,지귀시장,1,1
경남창원시,진동시장,1,1
경남창원시,진동전통시장,1,1
경남창원시,진해중부시장,1,1
경남창원시,진해중앙시장,1,1
경남창원시,창원기계공구상가,1,1
경남창원시,창원도계부부시장,1,1
경남창원시,창원캔버라상가,1,1
경남창원시,창원코아상가,1,1
경남창원시,코오롱타운상가,1,1
경남창원시,토월복합상가시장,1,1
경남창원시,합성동상가,1,1
경남창원시,합성옛길시장,1,1
경남창원시,회성종합시장,1,1
경남창원시,합성대로상가,1,1
경남통영시,북신전통시장,1,1
경남통영시,서호전통시장,1,1
경남통영시,통영중앙시장,1,1
경남하동군,계천공설시장(계천시장),1,1
경남하동군,북천공설시장,1,1
경남하동군,옥종공설시장,1,1
경남하동군,진교공설시장,1,1
경남하동군,하동공설시장,1,1
경남하동군,횡천공설시장(횡천시장),1,1
경남함안군,가야상설시장(가야시장),1,1
경남함안군,군복공설시장,1,1
경남함안군,대산공설시장,1,1
경남함안군,칠원공설시장,1,1
경남함양군,마천전통시장,1,1
경남함양군,안의시장,1,1
경남함양군,지리산함양시장,1,1
경남함양군,함양토종약초시장,1,1
경남합천군,가야시장,1,1
경남합천군,삼가시장,1,1
경남합천군,야로시장,1,1
경남합천군,초계시장,1,1
경남합천군,합천시장,1,1
제주서귀포시,고성오일시장,1,1
제주서귀포시,대정오일시장,1,1
제주서귀포시,서귀포매일올레시장,0,1
제주서귀포시,서귀포향토오일시장,1,1
제주서귀포시,중문오일시장,1,1
제주서귀포시,표선오일시장,1,1
제주제주시,도남시장,1,1
제주제주시,동문시장(주),1,1
제주제주시,보성시장,1,1
제주제주시,세화오일시장,1,1
제주제주시,신산시장,1,1
제주제주시,제주동문수산시장,1,1
제주제주시,제주시동문공설시장,0,1
제주제주시,제주시동문재래시장,1,1
제주제주시,제주시민속오일시장,1,1
제주제주시,제주시서문공설시장,1,1
제주제주시,제주칠성로상점가(칠성로상점가),1,1
제주제주시,중앙로상점가,1,1
제주제주시,한림매일시장,1,1
제주제주시,한림민속오일시장(한림오일시장),1,1
제주제주시,함덕오일시장,1,1
세종세종시,세종대평시장,1,1
세종세종시,부강전통시장,1,1
세종세종시,세종전통시장,1,1
세종세종시,전의왕의물시장,1,1
서울강남구,강남개포시장,1,1
서울강남구,은마 종합상점가,1,1
서울강남구,강남역지하도상점가,1,1
서울강동구,로데오거리상점가,1,1
서울강동구,장신구거리상점가,1,1
서울강서구,송화벽화시장,1,1
서울관악구,삼성동시장,1,1
서울관악구,서원동상점가,1,1
서울금천구,대명여울빛거리시장,0,1
서울금천구,독산동우시장,1,1
서울금천구,독산동맛나는거리상점가,1,1
서울동작구,사당1동 먹자골목 상점가,1,1
서울마포구,도화동상점가,1,1
서울마포구,상암동상점가,1,1
서울마포구,용강동상점가,1,1
서울마포구,홍대걷고싶은거리상점가,1,1
서울성동구,뚝섬역상점가,1,1
서울성동구,왕십리도선동상점가,0,1
서울성동구,한양대앞상점가,0,1
서울성동구,행당시장,1,1
서울성동구,무학봉상점가,1,1
서울송파구,문정동로데오상점가,1,1
서울영등포구,남서울상가,1,1
서울영등포구,로타리상가,1,1
서울영등포구,영등포시장기계공구상가,1,1
서울영등포구,영등포전통시장,1,1
서울영등포구,영등포제일상가,1,1
서울영등포구,우리시장,1,1
서울영등포구,영등포청과시장,1,1
서울은평구,연신내상점가,1,1
서울종로구,동대문문구완구거리,1,1
서울종로구,세운상가가동,1,1
서울종로구,세종마을음식문화거리,1,1
서울종로구,종로광장전통시장,1,1
서울종로구,창신골목시장,1,1
서울종로구,동묘시장,1,1
서울중구,방산시장,1,1
서울중구,인현시장,1,1
서울중구,청계천공구상가,1,1
부산동구,부산좌천동가구상가,1,1
부산북구,구포역세권상점가,1,1
부산연제구,연산 골목시장 상점가,1,1
부산연제구,연산1동골목상점가,1,1
부산연제구,연일골목시장상점가,1,1
대구달서구,성서아울렛상점가,1,1
대구달서구,신내당시장상점가,1,1
대구달서구,두류젊음의광장,1,1
대구중구,남산동 자동차 골목 상점가,1,1
대구중구,대구패션쥬얼리특구,1,1
대구중구,동성로상점가,1,1
대구중구,서문시장 아진상가 상점가,1,1
대구중구,교동시장1길 상점가,1,1
인천남동구,남동산업용품상가,1,1
인천부평구,테마의거리상점가,1,1
광주동구,전자의거리,1,1
광주동구,조대 장미의 거리,1,1
광주동구,충장로상점가,1,1
광주북구,건축자재의거리,1,1
광주북구,공구의거리,1,1
광주북구,자동차의거리,1,1
광주북구,패션의거리,1,1
광주북구,오리요리의거리,1,1
대전대덕구,송촌동 상점가,1,1
대전대덕구,오정동상점가,1,1
대전동구,역전시장,1,1
대전동구,홍도동상점가,1,1
대전서구,가수원상점가,1,1
대전서구,둔산3동상점가,1,1
대전중구,문화예술의거리대흥동상점가,1,1
대전중구,오류동특화거리상점가,1,1
대전중구,은행동상점가상인회,1,1
대전중구,중촌동맞춤거리상점가,1,1
대전중구,충무자동차거리상점가,1,1
울산남구,삼산웨딩거리상점가,1,1
울산동구,동울산시장상점가,1,1
울산동구,전하시장상점가,1,1
울산울주군,언양알프스시장,1,1
울산중구,보세거리,1,1
울산중구,젊음의거리,1,1
울산중구,중앙길(문화의거리)상가,1,1
울산중구,태화십리대밭먹거리단지,1,1
울산중구,학성가구거리,1,1
경기가평군,설악리 신천리 상점가,1,1
경기고양시,삼송상점가,1,1
경기고양시,덕이동로데오메인타운,1,1
경기고양시,일산서문상점가,1,1
경기군포시,산본로데오거리상점가,1,1
경기부천시,신중동문화거리,1,1
경기수원시,권선가구거리상점가,1,1
경기수원시,매산로테마거리상점가,1,1
경기시흥시,신천동 문화의거리 ,1,1
경기안산시,선부광장로,1,1
경기안산시,예술광장로 상점가,1,1
경기안산시,도리섬상점가,1,1
경기안산시,한대앞역상점가,1,1
경기안양시,안양1번가,1,1
경기안양시,평촌1번가,1,1
경기안양시,평촌역상가,1,1
경기여주시,먹자골음식문화의거리(창동먹자골상점가),1,1
경기여주시,여주한글시장(여주중앙로상점가),1,1
경기의정부시,녹색거리상점가,1,1
경기파주시,운정가구타운 상점가,1,1
경기포천시,고모3리상점가,1,1
경기하남시,하남시동석바대시장상점가,1,1
경기하남시,하남시서석바대시장상점가,1,1
경기화성시,능동상가,1,1
경기화성시,동탄상가,1,1
경기화성시,병점중심상가,1,1
경기화성시,반월제일현대상가,1,1
강원속초시,설악로데오거리상점가,1,1
강원춘천시,요선시장,1,1
강원춘천시,인공폭포상가,1,1
충북단양군,부강상가시장,1,1
충북청주시,청주성안길상점가,1,1
충남계룡시,금암동상점가,1,1
충남계룡시,엄사상점가,1,1
충남금산군,금산중앙로상점가,1,1
충남당진시,당진원시가지상가가활성구역,1,1
충남당진시,합덕중앙상점가,1,1
충남천안시,명동대흥로상점가,1,1
충남천안시,천안신부문화거리상점가,1,1
충남홍성군,명동상점가,1,1
전북완주군,삼례상점가,1,1
전북익산시,원광온누리상점가,1,1
전북임실군,오수상점가,1,1
전북전주시,전북대대학로상점가,1,1
전북전주시,전주동문상점가,1,1
전북전주시,전주전자상가(전주기린로전자상가),1,1
전북전주시,전주풍남문상점가,1,1
전북정읍시,새암로상점가,1,1
전북정읍시,정읍산외한우마을,1,1
전북정읍시,중앙로상점가,1,1
전남나주시,금빛상점가,1,1
전남나주시,남내상점가 (구 나주상가),1,1
전남순천시,순천문화의거리 금꽃예술촌상인회,1,1
전남순천시,순천대1번가상가,1,1
전남여수시,여수진남상가,1,1
경북경산시,경산시중앙상점가,1,1
경북경주시,충효상점가,1,1
경북경주시,황성상점가,1,1
경북김천시,부곡맛고을상가,1,1
경북안동시,안동남서상점가,1,1
경북안동시,안동중앙문화의거리상점가,1,1
경북영주시,풍기인삼홍삼상점가,1,1
경남김해시,김해중앙상가,1,1
경남진주시,로데오거리상점가,1,1
경남진주시,진주중앙상점가,1,1
경남진주시,진주청과상점가,1,1
경남창원시,수남상가,1,1
경남창원시,오동동상점가,1,1
경남창원시,창동통합상가,1,1
경남창원시,정우상가,1,1
경남창원시,지귀상가,1,1
경남통영시,충무데파트,1,1
제주서귀포시,이중섭거리 명동로상가,1,1
제주서귀포시,중정로상가,1,1
서울서초구,㈜고투몰 상인회,1,1
서울영등포구,영등포로타리지하상가,1,1
서울영등포구,영등포시장지하도상점가,1,1
서울영등포구,영등포역지하도상가,1,1
서울종로구,동대문지하쇼핑센터,1,1
서울종로구,마전교지하쇼핑센터,1,1
서울종로구,종각지하쇼핑센터,1,1
서울종로구,종로4가지하쇼핑센터,1,1
서울종로구,종오지하쇼핑센터,1,1
서울중구,남대문로지하상가,1,1
서울중구,명동역지하쇼핑센터,1,1
서울중구,소공지하도상가,1,1
서울중구,시청광장지하도상가,1,1
서울중구,청계5가지하쇼핑센터,1,1
서울중구,청계6가지하쇼핑센타,1,1
부산동구,부산역지하도상가,1,1
부산부산진구,서면지하도상가 서면몰,1,1
부산부산진구,서면지하상가 부전몰,1,1
부산북구,덕천지하상가(태아쇼핑),1,1
부산중구,광복지하도상가,1,1
부산중구,국제지하도상가,1,1
부산중구,남포지하도상가,1,1
대구서구,두류1번가,1,1
대구중구,대신지하상가,1,1
대구중구,대현프리몰,1,1
대구중구,메트로센터(반월당지하쇼핑),1,1
대구중구,메트로프라자,1,1
인천미추홀구,석바위지하도상가,1,1
인천미추홀구,주안시민지하상가,1,1
인천미추홀구,주안역지하상가,1,1
인천동구,배다리전통공예지하상가,1,1
인천부평구,부평대아지하상가,1,1
인천부평구,부평역지하상가,1,1
인천부평구,부평중앙지하상가,1,1
인천부평구,신부평지하상가,1,1
인천중구,새동인천지하상가,1,1
인천중구,새인현지하상가,1,1
인천중구,신포지하상가,1,1
인천중구,중앙로지하상가,1,1
광주동구,금남지하도상가,1,1
광주동구,충금지하상가,1,1
광주동구,금남지하도상가,1,1
대전동구,역전지하상가,1,1
대전중구,중앙로지하상가,1,1
경기부천시,부천역지하도상가,1,1
경기성남시,성남중앙지하시장,1,1
경기수원시,역전지하도상가,1,1
경기안양시,안양1번가지하쇼핑몰,1,1
경기안양시,안양중앙지하상가,1,1
경기의정부시,의정부역지하상가,1,1
강원원주시,원주 중앙로문화의거리,1,1
강원춘천시,춘천지하상가,1,1
충남천안시,천안역지하상가,1,1
전남순천시,순천씨내몰상가,1,1
경남진주시,진주중앙지하도상가 에나몰,1,1
경남창원시,대현프리몰,1,1
경남창원시,부림지하시장,1,1
제주제주시,제주중앙지하상가,1,1
경기가평군,청평여울시장,1,1
경기성남시,모란전통기름시장,1,1
경기안양시,중부농수산물시장,1,1
경기양주시,엄상동마을상점가,1,1
경기여주시,율촌시장,1,1
경기이천시,이천중앙로상가번영회 이천상인회,1,1
경기이천시,SK하이닉스(주)상점가,1,1
경기이천시,남천 상점가,1,1
경기이천시,송정동 상점가,1,1
경기이천시,예스파크 상점가,1,1
대구중구,대봉동웨딩거리상점가,1,1
부산금정구,부산대상점가,1,1
부산부산진구,철뚝시장,1,1
서울동대문구,답십리건축자재시장,1,1
서울성북구,장곡시장,1,1
서울송파구,잠실역지하쇼핑센터,1,1
서울양천구,신곡종합시장,1,1
서울양천구,신정제일시장,1,1
서울은평구,응암오거리상점가,1,1
서울은평구,증산골목시장,1,1
서울중랑구,동원전통시장상점가,1,1
인천중구,동인천지하아케이트,1,1
전남강진군,강진중앙로상가,1,1
전남나주시,나주혁신도시상가번영회,1,1
제주제주시,누웨마루거리상점가,1,1
제주제주시,한림중앙상가,1,1
충남보령시,대천항종합수산물시장,0,1
충남부여군,부여 새시장,1,1
충남홍성군,광천원동시장,1,1
경기안산시,사리골 상점가,1,1
경기안산시,안산패션타운전통시장,1,1
경기안산시,안산 다농마트 전통시장,1,1
경남창원시,산호동상점가,1,1
경북영주시,풍기선비골인삼시장,1,1
서울강동구,천호공구거리상점가,1,1
서울구로구,고척골목시장상점가,1,1
서울노원구,상계역전종합상가,1,1
서울노원구,상계주공1단지(가)상가,1,1
서울노원구,시영2단지 무지개종합상가,1,1
서울노원구,시영B상가,1,1
서울도봉구,쌍문역둘리상점가상인회,1,1
서울중구,백학시장 상점가,1,1
서울중구,청계상가,1,1
서울중랑구,장미제일시장,1,1
대구중구,북성로 상점가,1,1
인천중구,차이나타운로상점가,1,1
경기과천시,과천상점가,1,1
경기시흥시,오이도전통수산시장,1,1
경기양평군,양동쌍학시장,1,1
강원춘천시,명동상점가,1,1
전북김제시,화동길 상점가,1,1
전북완주군,고산구시장상점가,1,1
경북김천시,평화로상가,1,1
경북포항시,청림시장,1,1
경북포항시,환호그린빌시장,1,1
경북포항시,광장시장 (대도오광장종합회시장),1,1
경남사천시,삼천포전통수산시장,1,1
경남양산시,석계시장,1,1
서울강남구,도곡시장,0,1
경기부천시,심곡복개천 상점가,1,1
경기부천시,원미금강 상점가,1,1
경기여주시,여주세종시장상점가,1,1
경기여주시,오학동상점가 ,1,1
경기여주시,점봉동상점가,1,1
경기여주시,가남상점가,1,1
충북제천시,제천고추시장,1,1
전북군산시,강천상가,1,1
전북정읍시,연지상가번영회,1,1
전남순천시,부영3차상가번영회,1,1
전남순천시,연향2지구상가번영회,1,1
전남순천시,우석로상가번영회,1,1
전남순천시,장천동상가번영회,1,1
경북김천시,부곡시장,1,1
경북김천시,중앙시장,1,1
경북문경시,문화의거리 행복상점가,1,1
경북문경시,점촌역전상점가,1,1
경북상주시,남성시장,1,1
경남통영시,죽림상점가,1,1
서울강북구,숭인시장,0,1
서울광진구,능동로골목시장(미인정),1,1
서울도봉구,쌍문시장,1,1
서울동대문구,경동시장,1,1
서울마포구,동진시장,1,1
서울마포구,마포시장,1,1
서울서대문구,포방터시장,1,1
서울영등포구,영등포유통상가,1,1
서울종로구,광장시장,1,1
서울중구,에리어식스(벨포스트),1,1
서울중구,숭례문수입상가,1,1
서울중구,청평화시장,1,1
부산남구,대연중앙시장,1,1
부산동래구,국민시장,1,1
부산동래구,온천로터리종합시장,1,1
부산부산진구,양정전통시장,1,1
부산북구,정이있는구포시장,1,1
부산사상구,감전제일상가시장,1,1
부산사상구,고려쇼핑센터,1,1
부산사상구,부산광역시철강판매협동조합,1,1
부산수영구,동방시장,1,1
부산해운대구,반송시장,1,1
강원태백시,황지자유시장,1,1
광주남구,봉선시장,1,1
광주동구,산수시장,1,1
대전동구,정원시장,1,1
대전중구,용두전통시장,1,1
대전중구,유천전통시장,1,1
경기남양주시,광릉5일장,1,1
경기부천시,원미부흥시장,1,1
경기성남시,분당종합시장,1,1
경기성남시,야탑에이스코아시장,1,1
경기성남시,현대프라자시장,1,1
경기여주시,제일시장,1,1
경기연천군,연천5일장,1,1
경기용인시,용인5일장,1,1
경기의정부시,의정부시장,1,1
경기파주시,봉일천시장,1,1
경기포천시,송우공설시장,1,1
경기포천시,일동공설시장,1,1
강원삼척시,근덕5일장,1,1
강원삼척시,도계5일장,1,1
강원삼척시,도계전두시장,1,1
강원삼척시,도계중앙시장,1,1
강원삼척시,삼척5일장,1,1
강원삼척시,호산5일장,1,1
강원삼척시,호산시장,0,1
강원영월군,영월종합상가시장,1,1
강원영월군,주천정기시장,1,1
강원인제군,서화5일장,1,1
강원인제군,신남5일장,1,1
강원태백시,철암장,1,1
강원태백시,통리장,1,1
충북괴산군,연풍전통시장,1,0
충북보은군,삼승원남시장(원남재래시장),1,1
충북보은군,회인재래시장,1,1
충북옥천군,청산시장(청산재래시장),1,1
충북충주시,엄정내창시장,1,1
충남예산군,광시시장,1,1
충남예산군,삽교시장,1,1
전북익산시,서동시장,1,1
전북익산시,익산금마시장,0,0
전북익산시,중앙시장,1,1
전남고흥군,고흥전통시장,1,1
전남목포시,동부시장,1,1
전남목포시,목포종합수산시장,1,1
전남무안군,망운전통시장,1,1
전남순천시,괴목시장,1,1
전남순천시,승주시장,1,1
전남순천시,중앙시장,1,1
전남여수시,덕양시장,1,1
전남여수시,중앙선어시장,1,1
전남완도군,노화읍5일시장,1,1
전남함평군,나산시장,1,1
경남고성군,고성시장,0,1
경남고성군,영오시장,1,0
경남창원시,구암현대시장,1,1
경남창원시,덕산그린피아상가,1,1
경남창원시,마천시장,1,1
경남창원시,북동공설시장,1,1
경남하동군,화개장터,1,1
제주서귀포시,모슬포중앙시장,1,1
서울종로구,충신시장,1,1
부산해운대구,반송1번가,1,1
광주동구,나무전거리,0,1
광주동구,지산유원지,1,1
경기여주시,여주375아울렛상점가,1,1
경기의정부시,로데오거리상점가,1,1
경기화성시,북광장상가,1,1
강원춘천시,육림고개 상점가,1,1
강원태백시,황지시장상점가,1,1
충남아산시,배방상점가,1,1
충남천안시,두정동상점가,1,1
전북익산시,그린상점가,1,1
전남순천시,금당상가,1,1
전남순천시,연향패션상가,1,1
전남순천시,왕지상가,1,1
전남순천시,중앙시민로상점가,1,1
서울중구,명동지하쇼핑센터,1,1
서울중구,을지로지하쇼핑센터,1,1
서울중구,을지입구지하쇼핑센터,1,1
서울중구,회현지하쇼핑센터,1,1
부산중구,남포역S지하상가,1,1
인천미추홀구,제물포지하상가,1,1
경기남양주시,금곡홍유릉상점가,1,1
경기용인시,구갈상점가,1,1
서울마포구,합정시장,1,1
전남순천시,주암시장,1,1
서울서대문구,신촌 상점가,1,1
서울서초구,엔터식스 강남점,1,1
경기과천시,중앙동상점가,1,1
경기남양주시,덕소상점가,1,1
경기남양주시,맷돌모루상점가,1,1
경기여주시,강변상점가,1,1
강원태백시,중앙로 상점가 ,1,1
서울종로구,대일상가(낙원지하상가),1,1
서울중구,Team204,1,1
경기여주시,터미널상점가,1,1
전남여수시,흥국상가,1,1
