사업명,시장명,지자체,행정동명,60대이상인구,1km_이내_주차장수,1km_이내_CCTV수,축제수,1km_이내_도시공원수,1km_이내_관광지수,배달빈도수,1.5km_이내_대규모점포수,1km_이내_버스정류장수,10~30대인구,1km_이내_대학수,실업률(％),1km_이내_문화시설
문화관광형시장,주문진건어물시장,강원강릉시,주문진읍,7559,8,73,9.0,2,1.0,294208.0,2.0,0,3336,0,2.1,0
문화관광형시장,거진시장,강원고성군,거진읍,3121,5,61,1.0,1,0.0,35330.0,0.0,0,1012,0,1.2,0
문화관광형시장,북평민속시장,강원동해시,북평동,3763,0,15,1.0,1,0.0,112401.0,0.0,17,4058,0,1.7,0
문화관광형시장,삼척중앙시장,강원삼척시,남양동,3281,13,272,9.0,6,0.0,92411.0,3.0,13,1557,0,0.6,7
청년몰활성화,삼척중앙시장,강원삼척시,남양동,3281,13,272,9.0,6,0.0,92411.0,3.0,13,1557,0,0.6,7
문화관광형시장,양양전통시장,강원양양군,양양읍,4394,4,61,3.0,2,0.0,37121.0,0.0,20,3370,0,1.2,5
문화관광형시장,영월종합상가시장,강원영월군,영월읍,7225,71,67,4.0,4,0.0,51337.0,1.0,33,5812,0,1.0,7
청년몰활성화,미로예술원주중앙시장(원주중앙시장),강원원주시,중앙동,1305,45,281,18.0,1,2.0,450852.0,1.0,51,371,0,4.0,5
문화관광형시장,자유시장,강원원주시,중앙동,1305,45,281,18.0,1,2.0,450852.0,1.0,50,371,0,4.0,5
문화관광형시장,미로예술원주중앙시장(원주중앙시장),강원원주시,중앙동,1305,45,281,18.0,1,2.0,450852.0,1.0,51,371,0,4.0,5
문화관광형시장,중앙시민전통시장,강원원주시,중앙동,1305,44,267,18.0,1,2.0,450852.0,1.0,52,371,0,4.0,5
문화관광형시장,고한구공탄시장(고한시장),강원정선군,고한읍,1556,6,30,2.0,1,0.0,48956.0,0.0,0,1073,0,0.6,4
청년몰활성화,정선사북시장,강원정선군,사북읍,1690,10,40,2.0,2,0.0,48956.0,0.0,0,1036,0,0.6,3
문화관광형시장,정선사북시장,강원정선군,사북읍,1690,10,40,2.0,2,0.0,48956.0,0.0,0,1036,0,0.6,3
청년몰활성화,정선아리랑시장,강원정선군,정선읍,3747,14,64,2.0,4,1.0,48956.0,0.0,0,2525,0,0.6,8
문화관광형시장,임계사통팔달시장,강원정선군,임계면,2007,2,18,2.0,1,0.0,48956.0,0.0,0,412,0,0.6,0
문화관광형시장,춘천풍물시장,강원춘천시,강남동,6301,17,83,197.0,30,1.0,354204.0,9.0,64,8914,0,2.6,8
문화관광형시장,황지자유시장,강원태백시,황연동,1921,3,47,9.0,1,0.0,55903.0,0.0,9,789,0,1.3,0
문화관광형시장,봉평전통시장(봉평시장),강원평창군,봉평면,2510,9,10,9.0,1,1.0,55034.0,0.0,0,1183,0,1.4,1
문화관광형시장,진부전통시장,강원평창군,진부면,3829,16,15,9.0,3,0.0,55034.0,1.0,2,1728,0,1.4,2
문화관광형시장,가평잣고을전통시장,경기가평군,가평읍,7034,19,69,1.0,7,0.0,77077.0,0.0,35,5518,0,0.7,6
문화관광형시장,산본시장,경기군포시,산본1동,5132,17,224,1.0,27,0.0,309680.0,9.0,136,5198,0,4.3,14
문화관광형시장,강남시장,경기부천시,부천동,24170,7,124,2.0,13,1.0,947221.0,6.0,86,29278,0,4.6,11
문화관광형시장,부천상동시장,경기부천시,중동,10804,10,190,2.0,26,0.0,947221.0,12.0,134,14362,0,4.6,8
문화관광형시장,부천자유시장,경기부천시,대산동,22785,12,261,2.0,16,0.0,947221.0,3.0,99,25975,9,4.6,26
디지털전통시장,중동사랑시장(부천중동시장),경기부천시,중동,10804,12,171,2.0,24,0.0,947221.0,14.0,140,14362,0,4.6,21
문화관광형시장,중동사랑시장(부천중동시장),경기부천시,중동,10804,12,171,2.0,24,0.0,947221.0,14.0,140,14362,0,4.6,21
문화관광형시장,역곡상상시장(역곡북부시장),경기부천시,부천동,24170,12,168,2.0,11,0.0,947221.0,2.0,95,29278,5,4.6,8
문화관광형시장,원미종합시장,경기부천시,부천동,24170,9,187,2.0,12,0.0,947221.0,4.0,84,29278,0,4.6,4
문화관광형시장,못골종합시장,경기수원시,지동,3814,5,237,5.0,8,3.0,1398755.0,6.0,61,2767,1,2.8,14
문화관광형시장,연무시장,경기수원시,연무동,5241,4,237,5.0,12,1.0,1398755.0,1.0,53,5162,0,2.8,6
디지털전통시장,못골종합시장,경기수원시,지동,3814,5,237,5.0,8,3.0,1398755.0,6.0,61,2767,1,2.8,14
문화관광형시장,영동시장,경기수원시,행궁동,3637,4,247,5.0,7,3.0,1398755.0,4.0,48,2996,0,2.8,14
청년몰활성화,영동시장,경기수원시,행궁동,3637,4,247,5.0,7,3.0,1398755.0,4.0,48,2996,0,2.8,14
문화관광형시장,정자시장,경기수원시,정자2동,7617,5,209,5.0,13,1.0,1398755.0,6.0,65,13546,0,2.8,2
디지털전통시장,화서시장,경기수원시,화서1동,6075,1,241,5.0,11,0.0,1398755.0,4.0,69,7233,0,2.8,3
문화관광형시장,화서시장,경기수원시,화서1동,6075,1,241,5.0,11,0.0,1398755.0,4.0,69,7233,0,2.8,3
디지털전통시장,안양중앙인정시장,경기안양시,안양4동,2287,0,196,23.0,13,0.0,610558.0,0.0,112,2205,7,3.5,16
문화관광형시장,양수리전통시장(양평양수리시장),경기양평군,양서면,5768,0,110,6.0,1,1.0,142744.0,0.0,17,3272,0,0.9,3
문화관광형시장,용문천년시장,경기양평군,용문면,6927,2,119,6.0,5,0.0,142744.0,0.0,15,4546,0,0.9,1
문화관광형시장,여주한글시장(여주중앙로상점가),경기여주시,중앙동,5099,24,124,2.0,8,1.0,132836.0,1.0,35,7714,0,1.5,2
문화관광형시장,전곡재래시장,경기연천군,전곡읍,5852,8,100,3.0,5,0.0,54155.0,1.0,35,5892,0,2.3,1
문화관광형시장,오색시장,경기오산시,중앙동,6470,19,155,1.0,9,3.0,275840.0,4.0,64,13027,1,3.9,10
문화관광형시장,용인중앙시장,경기용인시,중앙동,6060,16,121,11.0,9,3.0,1161144.0,3.0,61,9449,0,3.1,10
문화관광형시장,부곡도깨비시장,경기의왕시,부곡동,7426,3,118,1.0,11,0.0,178446.0,1.0,71,9579,1,3.0,5
문화관광형시장,광탄시장,경기파주시,광탄면,4602,0,71,2.0,0,0.0,512902.0,1.0,44,2551,0,2.7,1
문화관광형시장,문산자유시장,경기파주시,문산읍,11785,0,155,2.0,2,0.0,512902.0,1.0,61,16987,0,2.7,4
문화관광형시장,적성전통시장,경기파주시,적성면,2737,0,50,2.0,0,1.0,512902.0,0.0,15,2110,0,2.7,1
문화관광형시장,송탄시장,경기평택시,송북동,5484,24,155,11.0,13,1.0,639679.0,0.0,67,7269,0,2.7,1
문화관광형시장,통복시장,경기평택시,신장2동,1897,25,164,11.0,10,1.0,639679.0,0.0,73,1581,0,2.7,1
문화관광형시장,신장전통시장,경기하남시,신장1동,1977,17,335,1.0,9,1.0,337507.0,6.0,81,2505,0,2.5,6
문화관광형시장,거제고현시장,경남거제시,고현동,6654,21,65,11.0,7,0.0,287636.0,6.0,55,12101,0,4.3,20
문화관광형시장,거창시장,경남거창군,거창읍,11745,42,568,2.0,5,0.0,77757.0,0.0,54,12960,0,1.3,5
청년몰활성화,거창시장,경남거창군,거창읍,11745,42,568,2.0,5,0.0,77757.0,0.0,54,12960,0,1.3,5
문화관광형시장,고성공룡시장,경남고성군,고성읍,7880,7,110,1.0,4,0.0,66245.0,1.0,14,6533,0,2.6,8
문화관광형시장,고성시장,경남고성군,고성읍,7880,7,106,1.0,1,0.0,66245.0,1.0,19,6533,0,2.6,6
문화관광형시장,김해전통시장(김해동상시장),경남김해시,동상동,2971,16,359,4.0,13,2.0,621928.0,3.0,46,2823,0,4.7,13
문화관광형시장,삼방시장,경남김해시,삼안동,8764,3,155,4.0,12,0.0,621928.0,5.0,30,10536,8,4.7,5
청년몰활성화,김해전통시장(김해동상시장),경남김해시,동상동,2971,16,359,4.0,13,2.0,621928.0,3.0,46,2823,0,4.7,13
문화관광형시장,남해전통시장,경남남해군,남해읍,4408,14,218,3.0,3,0.0,58632.0,0.0,16,3742,1,0.6,5
청년몰활성화,양산남부시장,경남양산시,중앙동,4172,37,123,10.0,7,1.0,416006.0,4.0,87,2898,0,4.1,5
문화관광형시장,의령시장,경남의령군,의령읍,3087,32,243,3.0,9,0.0,37112.0,0.0,30,2515,0,0.6,5
문화관광형시장,자유시장,경남진주시,상대동,6204,10,177,10.0,1,0.0,440093.0,3.0,53,6110,0,2.8,6
문화관광형시장,가음정시장,경남창원시,가음정동,7498,0,68,11.0,12,0.0,1229670.0,11.0,85,14640,0,3.7,8
문화관광형시장,창원도계부부시장,경남창원시,명곡동,10699,0,37,11.0,22,0.0,1229670.0,2.0,36,13096,0,3.7,1
문화관광형시장,마산어시장,경남창원시,오동동,7204,0,60,11.0,7,3.0,1229670.0,7.0,52,4968,0,3.7,8
문화관광형시장,명서시장,경남창원시,명곡동,10699,0,75,11.0,21,0.0,1229670.0,3.0,36,13096,0,3.7,6
문화관광형시장,봉곡민속체험시장(봉곡시장),경남창원시,봉림동,8737,0,74,11.0,15,1.0,1229670.0,8.0,49,10662,0,3.7,5
문화관광형시장,상남시장,경남창원시,상남동,5334,0,87,11.0,10,4.0,1229670.0,15.0,68,9908,0,3.7,25
문화관광형시장,성원그랜드쇼핑상가,경남창원시,상남동,5334,0,90,11.0,10,1.0,1229670.0,15.0,75,9908,0,3.7,5
문화관광형시장,반송시장,경남창원시,반송동,8613,0,49,11.0,7,0.0,1229670.0,15.0,38,13952,2,3.7,4
문화관광형시장,북신전통시장,경남통영시,북신동,3846,12,335,2.0,3,1.0,161387.0,3.0,44,2574,0,3.2,15
문화관광형시장,하동공설시장,경남하동군,하동읍,3756,21,312,9.0,2,0.0,58434.0,0.0,19,2354,0,1.8,3
문화관광형시장,지리산함양시장,경남함양군,함양읍,6195,14,207,2.0,1,1.0,52213.0,2.0,27,4823,0,1.6,5
문화관광형시장,경산공설시장,경북경산시,중앙동,2271,21,147,2.0,15,0.0,348490.0,2.0,78,1897,0,2.9,3
디지털전통시장,하양공설시장,경북경산시,하양읍,7613,6,19,2.0,10,0.0,348490.0,2.0,85,11769,0,2.9,6
문화관광형시장,경주중앙시장,경북경주시,성건동,5435,38,251,1.0,2,1.0,333853.0,2.0,45,4154,0,2.1,8
문화관광형시장,고령대가야시장,경북고령군,대가야읍,3716,6,207,2.0,0,0.0,40625.0,0.0,18,2335,0,1.3,3
문화관광형시장,구미새마을중앙시장,경북구미시,원평동,2293,6,78,6.0,3,1.0,508677.0,2.0,83,1402,0,3.2,28
문화관광형시장,평화시장,경북김천시,평화남산동,3363,3,352,1.0,4,0.0,177868.0,3.0,36,1687,0,2.1,8
청년몰활성화,평화시장,경북김천시,평화남산동,3363,3,352,1.0,4,0.0,177868.0,3.0,36,1687,0,2.1,8
문화관광형시장,가은아자개시장,경북문경시,가은읍,1897,0,61,5.0,1,2.0,91835.0,0.0,16,434,0,1.9,3
문화관광형시장,문경전통시장,경북문경시,문경읍,3024,0,79,5.0,4,1.0,91835.0,0.0,12,1013,0,1.9,2
디지털전통시장,문경중앙시장,경북문경시,점촌3동,3258,23,364,5.0,6,1.0,91835.0,2.0,18,2352,0,1.9,1
문화관광형시장,문경중앙시장,경북문경시,점촌3동,3258,23,364,5.0,6,1.0,91835.0,2.0,18,2352,0,1.9,1
청년몰활성화,문경중앙시장,경북문경시,점촌3동,3258,23,364,5.0,6,1.0,91835.0,2.0,18,2352,0,1.9,1
문화관광형시장,봉화춘양시장(춘양시장),경북봉화군,춘양면,2422,4,61,3.0,1,0.0,42427.0,0.0,11,662,0,0.9,0
문화관광형시장,상주중앙시장,경북상주시,남원동,3811,11,154,2.0,5,1.0,131282.0,0.0,18,3404,0,1.2,9
문화관광형시장,중앙신시장,경북안동시,서구동,3202,62,0,2.0,4,0.0,212917.0,3.0,4,2249,0,0.8,7
문화관광형시장,선비골전통시장,경북영주시,영주1동,1844,15,407,5.0,12,1.0,137024.0,3.0,38,748,0,1.2,5
디지털전통시장,진보시장,경북청송군,진보면,2968,9,24,2.0,0,0.0,35307.0,0.0,28,1249,0,0.9,2
문화관광형시장,청송시장,경북청송군,청송읍,2185,9,36,2.0,1,0.0,35307.0,0.0,15,1138,0,0.9,2
문화관광형시장,왜관시장,경북칠곡군,왜관읍,9286,6,182,0.0,1,0.0,140477.0,0.0,37,9403,0,2.4,2
문화관광형시장,구룡포시장,경북포항시,구룡포읍,4153,4,23,2.0,0,0.0,622623.0,1.0,14,885,0,3.1,2
디지털전통시장,큰동해시장,경북포항시,해도동,7489,44,158,2.0,9,0.0,622623.0,4.0,47,3653,0,3.1,3
문화관광형시장,큰동해시장,경북포항시,해도동,7489,44,158,2.0,9,0.0,622623.0,4.0,47,3653,0,3.1,3
문화관광형시장,효자시장,경북포항시,효곡동,5597,9,57,2.0,8,0.0,622623.0,3.0,25,10591,0,3.1,2
청년몰활성화,1913송정역시장(송정역전매일시장),광주광산구,송정2동,2078,7,46,3.0,8,2.0,478213.0,0.0,39,2092,0,2.7,2
문화관광형시장,월곡시장,광주광산구,월곡1동,2511,3,60,3.0,49,3.0,478213.0,4.0,40,3691,0,2.7,16
문화관광형시장,무등시장,광주남구,주월2동,2790,5,0,11.0,5,1.0,261424.0,3.0,51,2231,0,3.2,18
문화관광형시장,봉선시장,광주남구,봉선1동,3860,3,0,11.0,13,0.0,261424.0,7.0,58,4383,0,3.2,18
문화관광형시장,남광주시장,광주동구,학동,2211,46,2,10.0,11,7.0,142272.0,8.0,59,2415,18,3.5,33
문화관광형시장,말바우시장,광주북구,우산동,4762,10,0,11.0,24,2.0,543619.0,8.0,43,4875,1,2.3,22
문화관광형시장,양동건어물시장,광주서구,양동,1717,45,1,6.0,8,7.0,372730.0,15.0,76,709,0,2.2,29
문화관광형시장,서남신시장,대구달서구,죽전동,3860,30,237,5.0,12,1.0,680567.0,4.0,98,4370,0,3.1,19
디지털전통시장,와룡시장,대구달서구,신당동,7504,13,134,5.0,18,0.0,680567.0,1.0,113,12400,1,3.1,12
문화관광형시장,와룡시장,대구달서구,신당동,7504,13,134,5.0,18,0.0,680567.0,1.0,113,12400,1,3.1,12
문화관광형시장,현풍백년도깨비시장,대구달성군,현풍읍,5218,6,82,3.0,4,0.0,298224.0,1.0,65,8853,0,2.2,3
청년몰활성화,현풍백년도깨비시장,대구달성군,현풍읍,5218,6,82,3.0,4,0.0,298224.0,1.0,65,8853,0,2.2,3
청년몰활성화,산격종합시장,대구북구,산격3동,2485,46,207,7.0,9,0.0,538866.0,9.0,94,4385,0,3.3,8
문화관광형시장,서변중앙시장,대구북구,무태조야동,7739,8,71,7.0,10,0.0,538866.0,0.0,53,11505,0,3.3,4
문화관광형시장,신매시장,대구수성구,고산1동,6778,12,196,6.0,12,0.0,480840.0,1.0,65,11193,0,2.2,3
문화관광형시장,약령시장,대구중구,성내2동,1512,116,299,115.0,5,16.0,104530.0,10.0,141,2055,7,2.8,60
청년몰활성화,약령시장,대구중구,성내2동,1512,116,299,115.0,5,16.0,104530.0,10.0,141,2055,7,2.8,60
디지털전통시장,신도시장,대전동구,가양2동,5426,24,111,4.0,8,1.0,308134.0,6.0,59,6768,2,2.4,10
문화관광형시장,신도시장,대전동구,가양2동,5426,24,111,4.0,8,1.0,308134.0,6.0,59,6768,2,2.4,10
청년몰활성화,중앙메가프라자,대전동구,중앙동,2139,54,90,4.0,5,9.0,308134.0,7.0,115,667,0,2.4,28
디지털전통시장,도마큰시장,대전서구,도마1동,5624,15,110,1.0,7,0.0,610010.0,4.0,61,6716,0,2.9,2
문화관광형시장,도마큰시장,대전서구,도마1동,5624,15,110,1.0,7,0.0,610010.0,4.0,61,6716,0,2.9,2
문화관광형시장,한민시장,대전서구,괴정동,3469,0,109,1.0,7,1.0,610010.0,12.0,52,9369,0,2.9,10
문화관광형시장,기장시장,부산기장군,기장읍,17179,19,201,0.0,20,1.0,199873.0,3.0,2,15798,0,4.1,3
문화관광형시장,부산진시장,부산동구,범일2동,2637,25,496,0.0,4,4.0,119438.0,10.0,14,2449,0,4.9,5
문화관광형시장,부산자유시장,부산동구,범일2동,2637,18,454,0.0,5,2.0,119438.0,12.0,15,2449,0,4.9,22
디지털전통시장,초량전통시장,부산동구,초량2동,2427,16,461,0.0,0,9.0,119438.0,1.0,16,1291,0,4.9,1
문화관광형시장,초량전통시장,부산동구,초량2동,2427,16,461,0.0,0,9.0,119438.0,1.0,16,1291,0,4.9,1
문화관광형시장,르네시떼시장,부산사상구,괘법동,6865,3,78,3.0,1,2.0,272158.0,7.0,20,9900,0,3.5,9
문화관광형시장,부산새벽시장,부산사상구,감전동,4930,7,49,3.0,0,1.0,272158.0,7.0,24,3280,0,3.5,8
문화관광형시장,괴정골목시장,부산사하구,괴정3동,4871,3,117,1.0,6,0.0,385185.0,3.0,9,3166,1,4.3,4
문화관광형시장,신평골목시장,부산사하구,신평1동,5702,2,68,1.0,4,0.0,385185.0,6.0,0,4222,0,4.3,1
문화관광형시장,장림골목시장,부산사하구,장림1동,2989,7,76,1.0,2,0.0,385185.0,5.0,0,3027,0,4.3,1
디지털전통시장,망미중앙시장,부산수영구,망미2동,3654,0,506,3.0,12,1.0,230217.0,6.0,0,2930,0,4.1,3
문화관광형시장,민락골목시장,부산수영구,민락동,8484,4,290,3.0,4,2.0,230217.0,6.0,0,8837,0,4.1,3
문화관광형시장,수영팔도시장,부산수영구,수영동,6015,0,438,3.0,6,0.0,230217.0,10.0,0,3750,0,4.1,7
문화관광형시장,연동시장,부산연제구,연산1동,5209,4,236,1.0,11,0.0,257236.0,5.0,0,4927,1,4.4,0
문화관광형시장,영도봉래시장,부산영도구,봉래1동,2801,9,189,4.0,0,3.0,152637.0,6.0,2,1544,0,4.2,23
문화관광형시장,골드테마거리,부산진구,범천1동,3132,20,449,2.0,5,2.0,471445.0,13.0,15,5599,0,4.2,21
문화관광형시장,부산평화시장,부산진구,범천1동,3132,18,449,2.0,5,2.0,471445.0,12.0,15,5599,0,4.2,21
청년몰활성화,서면시장,부산진구,부전2동,2192,3,161,2.0,1,2.0,471445.0,17.0,43,5092,0,4.2,53
문화관광형시장,반송큰시장(반송2동시장),부산해운대구,반송2동,10114,2,106,17.0,3,0.0,475968.0,1.0,0,4806,9,3.6,0
문화관광형시장,길동복조리시장,서울강동구,길동,12705,2,251,1.0,9,0.0,531558.0,5.0,98,16317,0,4.4,9
디지털전통시장,명일전통시장,서울강동구,명일1동,6334,6,252,1.0,22,0.0,531558.0,10.0,103,8980,0,4.4,6
디지털전통시장,암사종합시장,서울강동구,암사1동,9445,4,262,1.0,12,0.0,531558.0,10.0,62,11757,0,4.4,2
디지털전통시장,수유전통시장(수유골목시장),서울강북구,수유1동,6519,31,967,3.0,21,0.0,389537.0,8.0,123,6832,3,4.3,11
문화관광형시장,방신전통시장,서울강서구,방화1동,10517,5,213,1.0,25,0.0,732418.0,6.0,93,14924,0,3.2,6
문화관광형시장,화곡본동시장,서울강서구,화곡본동,7723,11,382,1.0,31,0.0,732418.0,9.0,111,14132,1,3.2,12
문화관광형시장,화곡중앙골목시장,서울강서구,화곡1동,12795,18,674,1.0,30,0.0,732418.0,7.0,123,22240,0,3.2,12
문화관광형시장,관악신사시장,서울관악구,신사동,5160,11,305,4.0,10,1.0,747008.0,5.0,108,11327,0,4.6,15
문화관광형시장,인헌시장,서울관악구,인헌동,5805,4,264,4.0,18,2.0,747008.0,4.0,69,12333,0,4.6,12
문화관광형시장,자양전통시장,서울광진구,자양1동,5477,2,208,2.0,12,4.0,456393.0,12.0,66,9252,16,3.2,26
문화관광형시장,중곡제일전통시장(중곡제일시장),서울광진구,중곡1동,3867,1,244,2.0,7,2.0,456393.0,5.0,102,6643,0,3.2,19
디지털전통시장,중곡제일전통시장(중곡제일시장),서울광진구,중곡1동,3867,1,244,2.0,7,2.0,456393.0,5.0,102,6643,0,3.2,19
문화관광형시장,고척근린시장,서울구로구,고척2동,7925,10,338,1.0,14,1.0,492385.0,14.0,126,8279,6,3.4,4
문화관광형시장,구로시장,서울구로구,구로4동,6375,23,504,1.0,8,0.0,492385.0,10.0,146,6326,0,3.4,8
문화관광형시장,남구로시장,서울구로구,구로2동,8062,22,559,1.0,8,0.0,492385.0,10.0,126,6943,0,3.4,8
디지털전통시장,남문시장,서울금천구,독산3동,7288,24,260,1.0,16,1.0,310413.0,11.0,147,8653,0,4.7,23
문화관광형시장,남문시장,서울금천구,독산3동,7288,24,260,1.0,16,1.0,310413.0,11.0,147,8653,0,4.7,23
문화관광형시장,공릉동도깨비시장,서울노원구,공릉1동,10061,3,429,1.0,22,0.0,608202.0,7.0,143,14118,0,3.7,16
디지털전통시장,방학동도깨비시장,서울도봉구,방학2동,6572,16,0,14.0,17,0.0,382203.0,7.0,117,5540,0,4.6,13
문화관광형시장,방학동도깨비시장,서울도봉구,방학2동,6572,16,0,14.0,17,0.0,382203.0,7.0,117,5540,0,4.6,13
청년몰활성화,경동시장,서울동대문구,제기동,7922,11,182,1.0,10,2.0,451239.0,10.0,114,8911,0,3.2,18
문화관광형시장,남성시장,서울동작구,사당2동,8056,6,607,4.0,13,0.0,503416.0,5.0,107,9801,0,4.8,31
디지털전통시장,성대전통시장,서울동작구,상도3동,6634,6,255,4.0,7,0.0,503416.0,5.0,152,9502,0,4.8,22
문화관광형시장,성대전통시장,서울동작구,상도3동,6634,6,255,4.0,7,0.0,503416.0,5.0,152,9502,0,4.8,22
문화관광형시장,망원시장,서울마포구,망원1동,4735,1,213,2.0,13,2.0,482155.0,7.0,132,7841,0,3.8,13
문화관광형시장,아현시장,서울마포구,아현동,5407,6,255,2.0,21,0.0,482155.0,8.0,122,10663,22,3.8,12
문화관광형시장,영천시장,서울서대문구,천연동,4699,6,141,1.0,16,0.0,399465.0,4.0,127,5508,16,4.3,47
디지털전통시장,포방터시장,서울서대문구,홍은1동,6654,5,128,1.0,8,0.0,399465.0,3.0,91,7237,10,4.3,7
청년몰활성화,뚝도시장,서울성동구,성수2가1동,4564,5,193,1.0,8,1.0,366681.0,6.0,71,5135,0,3.3,12
문화관광형시장,마장축산물시장,서울성동구,마장동,5880,14,244,1.0,10,3.0,366681.0,15.0,99,8832,0,3.3,5
문화관광형시장,돈암시장,서울성북구,삼선동,5644,3,195,0.0,5,0.0,539110.0,10.0,135,9090,9,4.3,21
디지털전통시장,정릉시장,서울성북구,정릉4동,7074,1,185,0.0,10,0.0,539110.0,12.0,116,8030,6,4.3,3
문화관광형시장,정릉시장,서울성북구,정릉4동,7074,1,185,0.0,10,0.0,539110.0,12.0,116,8030,6,4.3,3
디지털전통시장,경창시장,서울양천구,신월2동,5988,14,828,3.0,29,0.0,498253.0,2.0,104,6948,0,3.4,6
문화관광형시장,목사랑시장 (목4동시장),서울양천구,목4동,5159,6,673,3.0,19,0.0,498253.0,14.0,67,9573,0,3.4,6
문화관광형시장,신월1동신영시장,서울양천구,신월1동,6642,16,723,3.0,26,0.0,498253.0,6.0,108,6127,0,3.4,10
문화관광형시장,대림중앙시장,서울영등포구,대림2동,3926,16,927,1.0,13,2.0,487302.0,3.0,139,4232,0,3.7,17
문화관광형시장,용산용문시장,서울용산구,용문동,3134,4,197,1.0,14,15.0,287252.0,21.0,135,4263,0,3.6,40
문화관광형시장,연서시장,서울은평구,불광2동,8801,4,300,1.0,19,0.0,572022.0,10.0,147,9291,0,3.9,13
문화관광형시장,통인시장,서울종로구,청운효자동,2944,3,106,3.0,6,2.0,190353.0,5.0,60,4077,1,3.0,22
문화관광형시장,신중부시장,서울중구,광희동,1585,25,248,1.0,9,6.0,165398.0,31.0,108,2550,18,4.3,148
문화관광형시장,서울중앙시장,서울중구,황학동,2916,10,292,1.0,21,2.0,165398.0,34.0,118,5622,0,4.3,41
문화관광형시장,중랑동부시장(동부골목시장),서울중랑구,상봉2동,4649,6,261,2.0,14,0.0,494623.0,8.0,103,9457,0,4.5,9
디지털전통시장,중랑동부시장(동부골목시장),서울중랑구,상봉2동,4649,6,261,2.0,14,0.0,494623.0,8.0,103,9457,0,4.5,9
디지털전통시장,세종전통시장,세종세종시,조치원읍,11062,29,114,5.0,9,1.0,417437.0,0.0,95,15229,0,1.4,6
문화관광형시장,세종전통시장,세종세종시,조치원읍,11062,29,114,5.0,9,1.0,417437.0,0.0,95,15229,0,1.4,6
문화관광형시장,전의왕의물시장,세종세종시,전의면,2395,1,26,5.0,0,0.0,417437.0,0.0,56,1274,0,1.4,1
디지털전통시장,(주)신정시장,울산남구,신정1동,6249,14,329,9.0,10,0.0,391524.0,5.0,81,5768,0,3.4,12
문화관광형시장,수암상가시장,울산남구,수암동,3636,1,275,9.0,11,0.0,391524.0,6.0,100,5644,0,3.4,11
문화관광형시장,신정상가시장,울산남구,신정1동,6249,13,310,9.0,10,0.0,391524.0,6.0,78,5768,0,3.4,13
문화관광형시장,(주)신정시장,울산남구,신정1동,6249,14,329,9.0,10,0.0,391524.0,5.0,81,5768,0,3.4,12
청년몰활성화,신정평화시장,울산남구,신정2동,5025,10,258,9.0,11,0.0,391524.0,3.0,91,8658,0,3.4,10
문화관광형시장,(주)야음시장,울산남구,야음장생포동,3148,5,205,9.0,4,0.0,391524.0,2.0,61,2271,0,3.4,6
디지털전통시장,울산번개시장,울산남구,야음장생포동,3148,6,159,9.0,3,0.0,391524.0,0.0,41,2271,0,3.4,2
문화관광형시장,울산번개시장,울산남구,야음장생포동,3148,6,159,9.0,3,0.0,391524.0,0.0,41,2271,0,3.4,2
문화관광형시장,남목전통시장,울산동구,남목3동,3206,12,163,8.0,8,0.0,183356.0,1.0,38,3675,0,3.8,2
문화관광형시장,월봉시장,울산동구,전하2동,4769,28,321,8.0,19,0.0,183356.0,3.0,84,6658,0,3.8,1
문화관광형시장,태화종합시장,울산중구,태화동,7489,12,236,10.0,13,0.0,259582.0,4.0,77,10670,0,4.7,9
디지털전통시장,학성새벽시장,울산중구,학성동,4106,10,321,10.0,16,2.0,259582.0,5.0,73,3110,0,4.7,12
디지털전통시장,계산시장,인천계양구,계산1동,5799,45,333,1.0,9,0.0,341026.0,8.0,94,5920,2,4.6,2
문화관광형시장,계산시장,인천계양구,계산1동,5799,45,333,1.0,9,0.0,341026.0,8.0,94,5920,2,4.6,2
문화관광형시장,계양산전통시장,인천계양구,계양2동,9054,20,197,1.0,10,1.0,341026.0,3.0,70,11020,0,4.6,4
문화관광형시장,작전시장,인천계양구,작전2동,5733,34,274,1.0,5,0.0,341026.0,9.0,114,6130,2,4.6,9
문화관광형시장,간석자유시장,인천남동구,간석3동,7687,36,192,2.0,19,0.0,622394.0,6.0,99,8708,0,4.9,2
문화관광형시장,구월시장,인천남동구,구월4동,4673,50,228,2.0,16,1.0,622394.0,8.0,115,4205,0,4.9,1
문화관광형시장,인천모래내전통시장,인천남동구,구월4동,4673,56,249,2.0,18,1.0,622394.0,7.0,124,4205,0,4.9,1
디지털전통시장,석바위시장,인천미추홀구,주안6동,5555,23,346,2.0,7,1.0,506850.0,15.0,85,7441,0,4.8,8
문화관광형시장,석바위시장,인천미추홀구,주안6동,5555,23,346,2.0,7,1.0,506850.0,15.0,85,7441,0,4.8,8
디지털전통시장,신기시장,인천미추홀구,주안7동,4472,17,481,2.0,6,1.0,506850.0,3.0,101,3318,0,4.8,2
문화관광형시장,용현시장,인천미추홀구,용현3동,2879,22,537,2.0,0,1.0,506850.0,4.0,85,2147,0,4.8,8
문화관광형시장,부평깡시장,인천부평구,부평4동,8512,30,225,4.0,6,1.0,582020.0,9.0,194,13926,0,4.8,32
문화관광형시장,부평문화의거리,인천부평구,부평5동,6857,33,218,4.0,3,1.0,582020.0,6.0,185,13274,0,4.8,33
문화관광형시장,부평종합시장,인천부평구,부평4동,8512,30,223,4.0,6,1.0,582020.0,9.0,187,13926,0,4.8,33
문화관광형시장,가좌시장,인천서구,가좌2동,5309,0,189,2.0,11,0.0,602681.0,2.0,70,6468,0,4.8,14
문화관광형시장,인천강남시장,인천서구,석남1동,6486,5,290,2.0,4,0.0,602681.0,2.0,93,6886,0,4.8,13
문화관광형시장,인천축산물시장,인천서구,가좌4동,2983,1,90,2.0,4,0.0,602681.0,3.0,87,3105,0,4.8,1
문화관광형시장,정서진중앙시장,인천서구,가정1동,6838,3,185,2.0,3,0.0,602681.0,2.0,106,13579,0,4.8,14
문화관광형시장,강진읍시장,전남강진군,강진읍,4669,8,7,3.0,2,1.0,45893.0,0.0,2,3682,0,1.2,7
문화관광형시장,곡성기차마을전통시장,전남곡성군,곡성읍,3115,0,137,4.0,3,1.0,38214.0,0.0,10,1883,0,0.9,4
문화관광형시장,광양5일시장,전남광양시,광양읍,12167,0,15,5.0,12,3.0,173384.0,0.0,75,15602,0,2.1,2
문화관광형시장,중마시장,전남광양시,중마동,7356,1,18,5.0,19,2.0,173384.0,2.0,111,23169,0,2.1,1
문화관광형시장,지리산나들이장터,전남구례군,산동면,1615,0,5,8.0,0,0.0,33168.0,0.0,9,432,0,1.7,0
문화관광형시장,나주목사고을시장,전남나주시,금남동,2036,17,0,2.0,6,7.0,145636.0,0.0,17,1089,0,1.4,0
문화관광형시장,자유시장,전남목포시,삼학동,1995,3,63,2.0,7,0.0,283290.0,0.0,62,1654,0,1.6,4
디지털전통시장,청호시장,전남목포시,하당동,2516,6,56,2.0,8,0.0,283290.0,3.0,60,5236,0,1.6,9
문화관광형시장,순천시아랫장(순천아랫장),전남순천시,풍덕동,2938,1,452,34.0,22,1.0,330469.0,4.0,125,1951,0,1.9,0
문화관광형시장,(주)여수수산시장,전남여수시,중앙동,1944,10,74,9.0,5,4.0,337317.0,0.0,91,822,0,1.1,0
문화관광형시장,(주)서시장,전남여수시,서강동,1624,9,94,9.0,5,2.0,337317.0,0.0,79,780,0,1.1,5
청년몰활성화,중앙시장,전남여수시,중앙동,1944,10,90,9.0,4,3.0,337317.0,0.0,95,822,0,1.1,5
문화관광형시장,완도전통시장(구 완도5일시장),전남완도군,완도읍,5962,24,82,2.0,3,1.0,63830.0,0.0,1,4768,0,1.0,1
문화관광형시장,정남진장흥토요시장,전남장흥군,장흥읍,4824,13,232,3.0,3,0.0,49587.0,0.0,0,4238,0,0.6,5
문화관광형시장,화순전통시장(화순읍전통시장),전남화순군,화순읍,11020,7,118,4.0,5,0.0,76159.0,0.0,35,12785,0,2.0,8
문화관광형시장,고창전통시장,전북고창군,고창읍,6398,12,72,7.0,3,0.0,70676.0,0.0,21,6453,0,0.3,9
문화관광형시장,군산공설시장,전북군산시,중앙동,1680,35,318,2.0,4,1.0,335592.0,1.0,48,1068,0,1.9,6
청년몰활성화,군산공설시장,전북군산시,중앙동,1680,35,318,2.0,4,1.0,335592.0,1.0,48,1068,0,1.9,6
문화관광형시장,명산시장,전북군산시,월명동,2363,46,329,2.0,6,1.0,335592.0,0.0,55,1052,1,1.9,7
문화관광형시장,군산신영시장,전북군산시,중앙동,1680,31,271,2.0,2,1.0,335592.0,1.0,42,1068,0,1.9,8
청년몰활성화,김제전통시장,전북김제시,요촌동,3813,0,0,1.0,0,0.0,104235.0,2.0,36,3169,0,1.9,3
문화관광형시장,김제전통시장,전북김제시,요촌동,3813,0,0,1.0,0,0.0,104235.0,2.0,36,3169,0,1.9,3
문화관광형시장,무주시장(반딧불장터),전북무주군,무주읍,3212,17,96,2.0,4,0.0,31545.0,0.0,31,2632,0,0.6,4
문화관광형시장,부안상설시장,전북부안군,부안읍,6690,10,98,1.0,3,0.0,67187.0,0.0,16,6182,0,0.5,5
문화관광형시장,고산미소시장,전북완주군,고산면,2135,2,9,1.0,2,0.0,115792.0,0.0,20,838,0,2.6,0
문화관광형시장,봉동시장,전북완주군,봉동읍,5880,2,9,1.0,2,0.0,115792.0,0.0,25,8406,0,2.6,1
청년몰활성화,삼례시장,전북완주군,삼례읍,5712,4,43,1.0,5,3.0,115792.0,0.0,33,6801,6,2.6,1
문화관광형시장,익산 구시장,전북익산시,인화동,2724,4,109,1.0,10,1.0,358537.0,1.0,40,1789,0,2.3,0
문화관광형시장,익산장(익산북부장),전북익산시,남중동,4719,5,129,1.0,5,0.0,358537.0,1.0,36,2737,0,2.3,0
청년몰활성화,중앙시장,전북익산시,중앙동,1476,7,124,1.0,0,2.0,358537.0,1.0,47,739,1,2.3,1
문화관광형시장,모래내시장(전주),전북전주시,인후2동,3987,3,124,6.0,6,0.0,812538.0,3.0,60,3211,0,2.6,4
문화관광형시장,전주신중앙시장(신중앙시장),전북전주시,중앙동,3369,5,117,6.0,6,6.0,812538.0,6.0,54,3092,0,2.6,39
문화관광형시장,샘고을시장,전북정읍시,시기동,1415,4,79,3.0,1,1.0,138041.0,0.0,31,741,0,1.2,6
문화관광형시장,진안고원시장,전북진안군,진안읍,4024,9,69,6.0,2,0.0,32160.0,2.0,16,2362,0,0.3,5
청년몰활성화,진안고원시장,전북진안군,진안읍,4024,9,69,6.0,2,0.0,32160.0,2.0,16,2362,0,0.3,5
디지털전통시장,서귀포매일올레시장,제주서귀포시,중앙동,1333,21,19,32.0,12,9.0,214462.0,2.0,73,698,0,1.2,7
문화관광형시장,서귀포향토오일시장,제주서귀포시,동홍동,5429,1,0,32.0,0,0.0,214462.0,0.0,18,8028,0,1.2,0
문화관광형시장,세화오일시장,제주제주시,구좌읍,5649,0,1,20.0,3,0.0,574979.0,0.0,18,3697,0,2.4,3
청년몰활성화,중앙로상점가,제주제주시,이도1동,2134,0,19,20.0,6,4.0,574979.0,2.0,63,2708,0,2.4,10
문화관광형시장,중앙로상점가,제주제주시,이도1동,2134,0,19,20.0,6,4.0,574979.0,2.0,63,2708,0,2.4,10
문화관광형시장,제주칠성로상점가(칠성로상점가),제주제주시,일도1동,940,0,17,20.0,5,3.0,574979.0,2.0,53,502,0,2.4,8
문화관광형시장,한림민속오일시장(한림오일시장),제주제주시,한림읍,6846,0,2,20.0,0,0.0,574979.0,0.0,22,5620,0,2.4,1
문화관광형시장,유구시장,충남공주시,유구읍,3967,6,45,9.0,2,0.0,138618.0,0.0,30,1097,0,2.6,0
청년몰활성화,금산금빛시장(금산시장),충남금산군,금산읍,7739,12,131,3.0,4,0.0,69891.0,0.0,0,6332,0,1.3,5
문화관광형시장,금산금빛시장(금산시장),충남금산군,금산읍,7739,12,131,3.0,4,0.0,69891.0,0.0,0,6332,0,1.3,5
디지털전통시장,당진전통시장,충남당진시,당진1동,4741,6,221,14.0,40,0.0,207421.0,2.0,54,12548,0,1.8,3
문화관광형시장,당진전통시장,충남당진시,당진1동,4741,6,221,14.0,40,0.0,207421.0,2.0,54,12548,0,1.8,3
문화관광형시장,보령중앙시장,충남보령시,대천2동,2135,13,152,4.0,23,0.0,127387.0,1.0,1,1808,0,2.1,12
문화관광형시장,보령한내시장,충남보령시,대천1동,4162,32,182,4.0,32,0.0,127387.0,1.0,1,4063,0,2.1,12
문화관광형시장,서산동부전통시장(동부시장),충남서산시,동문2동,2602,58,427,11.0,44,0.0,218425.0,1.0,41,2543,0,1.4,20
문화관광형시장,서천특화시장,충남서천군,서천읍,4756,6,143,8.0,8,0.0,68495.0,0.0,1,3452,0,1.2,0
문화관광형시장,온양온천시장(온양전통시장),충남아산시,온양1동,2276,5,549,5.0,19,0.0,384162.0,5.0,78,3178,0,3.1,7
문화관광형시장,천안중앙시장(구 남산중앙시장),충남천안시,중앙동,2256,13,481,5.0,6,1.0,827368.0,4.0,102,1282,0,2.3,15
디지털전통시장,천안중앙시장(구 남산중앙시장),충남천안시,중앙동,2256,13,481,5.0,6,1.0,827368.0,4.0,102,1282,0,2.3,15
문화관광형시장,안면도수산시장(안면도장터),충남태안군,안면읍,4316,0,57,2.0,3,0.0,84128.0,1.0,0,1366,0,0.9,1
문화관광형시장,태안서부시장,충남태안군,태안읍,9910,3,538,2.0,13,1.0,84128.0,0.0,13,8147,0,0.9,0
문화관광형시장,태안동부시장(태안특산물전통시장),충남태안군,태안읍,9910,3,582,2.0,17,1.0,84128.0,0.0,13,8147,0,0.9,0
문화관광형시장,광천전통시장,충남홍성군,광천읍,4452,0,48,6.0,4,0.0,129705.0,0.0,2,1331,0,1.4,2
문화관광형시장,괴산전통시장,충북괴산군,괴산읍,3255,9,114,12.0,2,0.0,54763.0,0.0,16,2656,6,2.0,4
문화관광형시장,청천전통시장,충북괴산군,청천면,3144,1,16,12.0,2,0.0,54763.0,0.0,6,580,0,2.0,0
문화관광형시장,단양구경시장(단양인정시장),충북단양군,단양읍,3659,3,34,2.0,6,2.0,38483.0,0.0,25,2676,0,1.3,3
디지털전통시장,단양구경시장(단양인정시장),충북단양군,단양읍,3659,3,34,2.0,6,2.0,38483.0,0.0,25,2676,0,1.3,3
문화관광형시장,결초보은시장(구 보은종합시장),충북보은군,보은읍,5689,10,66,3.0,5,0.0,43037.0,0.0,32,3634,0,0.5,3
문화관광형시장,무극시장,충북음성군,금왕읍,5871,3,325,4.0,7,0.0,121134.0,0.0,17,5615,0,2.7,0
문화관광형시장,음성시장,충북음성군,음성읍,6506,6,299,4.0,4,0.0,121134.0,0.0,6,4174,0,2.7,4
문화관광형시장,내토전통시장,충북제천시,중앙동,2379,19,184,2.0,7,1.0,179169.0,3.0,78,1365,0,1.1,5
문화관광형시장,제천중앙시장,충북제천시,중앙동,2379,19,189,2.0,9,1.0,179169.0,3.0,82,1365,0,1.1,5
문화관광형시장,동문전통시장,충북제천시,중앙동,2379,18,184,2.0,9,1.0,179169.0,3.0,71,1365,0,1.1,9
문화관광형시장,증평장뜰재래시장,충북증평군,증평읍,9690,27,363,3.0,8,0.0,47283.0,1.0,23,11969,0,2.0,3
문화관광형시장,운수대통! 생거진천전통시장,충북진천군,진천읍,8151,3,94,3.0,2,0.0,104435.0,1.0,35,9784,0,2.7,0
문화관광형시장,진천중앙시장,충북진천군,진천읍,8151,3,131,3.0,2,0.0,104435.0,1.0,53,9784,0,2.7,8
문화관광형시장,가경터미널시장,충북청주시,가경동,10748,0,0,4.0,10,1.0,1045479.0,4.0,89,20375,0,2.5,13
문화관광형시장,밤고개자연시장(구 내덕자연시장),충북청주시,내덕2동,3777,0,0,4.0,7,0.0,1045479.0,4.0,85,4630,0,2.5,13
문화관광형시장,복대가경시장,충북청주시,복대2동,4568,0,0,4.0,14,0.0,1045479.0,3.0,60,6311,0,2.5,4
문화관광형시장,청주사창시장,충북청주시,사창동,4005,0,0,4.0,12,0.0,1045479.0,4.0,67,6327,13,2.5,5
문화관광형시장,서문시장,충북청주시,성안동,2679,0,0,4.0,12,1.0,1045479.0,4.0,79,1892,0,2.5,30
문화관광형시장,원마루시장,충북청주시,분평동,5974,0,0,4.0,11,0.0,1045479.0,4.0,60,10658,0,2.5,11
문화관광형시장,직지시장,충북청주시,봉명2.송정동,4651,0,0,4.0,13,0.0,1045479.0,2.0,40,9826,0,2.5,9
문화관광형시장,북부시장,충북청주시,우암동,4173,0,0,4.0,11,0.0,1045479.0,3.0,75,4404,0,2.5,6
문화관광형시장,충주옹달샘시장,충북충주시,지현동,1934,2,164,2.0,5,0.0,279381.0,2.0,74,1408,0,1.8,11
문화관광형시장,중앙어울림시장,충북충주시,성내.충인동,1158,2,226,2.0,8,0.0,279381.0,2.0,79,566,0,1.8,10
